<?xml version="1.0"?>
<?mso-application progid="Excel.Sheet"?>
<Workbook xmlns="urn:schemas-microsoft-com:office:spreadsheet"
          xmlns:o="urn:schemas-microsoft-com:office:office"
          xmlns:x="urn:schemas-microsoft-com:office:excel"
          xmlns:ss="urn:schemas-microsoft-com:office:spreadsheet"
          xmlns:html="http://www.w3.org/TR/REC-html40">
    <DocumentProperties xmlns="urn:schemas-microsoft-com:office:office">
        <Author>csprance</Author>
        <LastAuthor>tevans</LastAuthor>
        <Created>2019-03-13T12:39:08Z</Created>
        <LastSaved>2019-03-13T12:39:08Z</LastSaved>
        <Version>16.00</Version>
    </DocumentProperties>
    <OfficeDocumentSettings xmlns="urn:schemas-microsoft-com:office:office">
        <AllowPNG/>
    </OfficeDocumentSettings>
    <ExcelWorkbook xmlns="urn:schemas-microsoft-com:office:excel">
        <WindowHeight>15510</WindowHeight>
        <WindowWidth>29805</WindowWidth>
        <WindowTopX>32767</WindowTopX>
        <WindowTopY>32767</WindowTopY>
        <RefModeR1C1/>
        <ProtectStructure>False</ProtectStructure>
        <ProtectWindows>False</ProtectWindows>
    </ExcelWorkbook>
    <Styles>
        <Style ss:ID="Default" ss:Name="Normal">
            <Alignment ss:Vertical="Bottom"/>
            <Borders/>
            <Font ss:FontName="Calibri" x:Family="Swiss" ss:Size="11" ss:Color="#000000"/>
            <Interior/>
            <NumberFormat/>
            <Protection/>
        </Style>
        <Style ss:ID="s62">
            <Borders>
                <Border ss:Position="Left" ss:LineStyle="Continuous" ss:Weight="1"/>
                <Border ss:Position="Right" ss:LineStyle="Continuous" ss:Weight="1"/>
            </Borders>
            <Interior/>
            <NumberFormat ss:Format="@"/>
        </Style>
        <Style ss:ID="s63">
            <Alignment ss:Horizontal="Center" ss:Vertical="Center"/>
            <Borders>
                <Border ss:Position="Bottom" ss:LineStyle="Continuous" ss:Weight="1"/>
                <Border ss:Position="Left" ss:LineStyle="Continuous" ss:Weight="1"/>
                <Border ss:Position="Right" ss:LineStyle="Continuous" ss:Weight="1"/>
                <Border ss:Position="Top" ss:LineStyle="Continuous" ss:Weight="1"/>
            </Borders>
            <Font ss:FontName="Calibri" x:Family="Swiss" ss:Size="11" ss:Color="#000000"/>
            <Interior ss:Color="#FFC000" ss:Pattern="Solid"/>
            <NumberFormat ss:Format="@"/>
        </Style>
        <Style ss:ID="s64">
            <Alignment ss:Horizontal="Center" ss:Vertical="Center"/>
            <Borders>
                <Border ss:Position="Bottom" ss:LineStyle="Continuous" ss:Weight="1"/>
                <Border ss:Position="Left" ss:LineStyle="Continuous" ss:Weight="1"/>
                <Border ss:Position="Right" ss:LineStyle="Continuous" ss:Weight="1"/>
                <Border ss:Position="Top" ss:LineStyle="Continuous" ss:Weight="1"/>
            </Borders>
            <Font ss:FontName="Calibri" x:Family="Swiss" ss:Size="11" ss:Color="#000000"/>
            <Interior ss:Color="#00B0F0" ss:Pattern="Solid"/>
            <NumberFormat ss:Format="@"/>
        </Style>
        <Style ss:ID="s65">
            <Alignment ss:Horizontal="Center" ss:Vertical="Center"/>
            <Borders>
                <Border ss:Position="Bottom" ss:LineStyle="Continuous" ss:Weight="1"/>
                <Border ss:Position="Left" ss:LineStyle="Continuous" ss:Weight="1"/>
                <Border ss:Position="Right" ss:LineStyle="Continuous" ss:Weight="1"/>
                <Border ss:Position="Top" ss:LineStyle="Continuous" ss:Weight="1"/>
            </Borders>
            <Font ss:FontName="Calibri" x:Family="Swiss" ss:Size="11" ss:Color="#000000"/>
            <Interior ss:Color="#92D050" ss:Pattern="Solid"/>
            <NumberFormat ss:Format="@"/>
        </Style>
        <Style ss:ID="s66">
            <Alignment ss:Horizontal="Center" ss:Vertical="Center" ss:WrapText="1"/>
            <Borders>
                <Border ss:Position="Bottom" ss:LineStyle="Continuous" ss:Weight="1"/>
                <Border ss:Position="Left" ss:LineStyle="Continuous" ss:Weight="1"/>
                <Border ss:Position="Right" ss:LineStyle="Continuous" ss:Weight="1"/>
                <Border ss:Position="Top" ss:LineStyle="Continuous" ss:Weight="1"/>
            </Borders>
            <Font ss:FontName="Calibri" x:Family="Swiss" ss:Size="8" ss:Color="#000000"/>
            <Interior ss:Color="#D8D8D8" ss:Pattern="Solid"/>
            <NumberFormat ss:Format="@"/>
        </Style>
    </Styles>
    <Worksheet ss:Name="Sheet1">
        <Table ss:ExpandedColumnCount="4" ss:ExpandedRowCount="200" x:FullColumns="1"
               x:FullRows="1" ss:DefaultColumnWidth="60" ss:DefaultRowHeight="15">
            <Column ss:AutoFitWidth="0" ss:Width="14.25"/>
            <Column ss:StyleID="s62" ss:AutoFitWidth="0" ss:Width="318.75" ss:Span="2"/>
            <Row ss:AutoFitHeight="0" ss:Height="30">
                <Cell ss:Index="2" ss:StyleID="s63"><Data ss:Type="String">KEY</Data></Cell>
                <Cell ss:StyleID="s64"><Data ss:Type="String">ORIGINAL TEXT</Data></Cell>
                <Cell ss:StyleID="s65"><Data ss:Type="String">TRANSLATED TEXT</Data></Cell>
            </Row>
            <Row ss:AutoFitHeight="0" ss:Height="48">
                <Cell ss:Index="2" ss:StyleID="s66"/>
                <Cell ss:StyleID="s66"><Data ss:Type="String">This contains original text meant for subtitles. This text exists for a multi-lingual reference and is not used in-game. Use ## for a new line.</Data></Cell>
                <Cell ss:StyleID="s66"><Data ss:Type="String">Contains translated text for subtitles. Typically, Original Text is the English version of the Key for reference, while the Translated Text will be what's actually used in-game.</Data></Cell>
            </Row>
            <Row ss:AutoFitHeight="0">
    <Cell ss:Index="2"><Data ss:Type="String">@Hint1</Data></Cell>
    <Cell><Data ss:Type="String">Nobody knows what started the Final War. It was over too fast, fought with the last of the belligerent nations nuclear stockpiles, and the ones who pulled the triggers didn't survive.</Data></Cell>
    <Cell><Data ss:Type="String">Niemand weiß, was den Endkrieg auslöste. Es war zu schnell vorbei, es wurde mit den letzten Atomlagern der kriegführenden Nationen gekämpft, und diejenigen, die an den Auslösern saßen, haben nicht überlebt.</Data></Cell>
</Row>
<Row ss:AutoFitHeight="0">
    <Cell ss:Index="2"><Data ss:Type="String">@Hint2</Data></Cell>
    <Cell><Data ss:Type="String">Half a century of wars using nukes, bio-weapons, nano-weapons, and even kinetic-kill weapons, gave us the empty world - a population of 100 million and falling fast.</Data></Cell>
    <Cell><Data ss:Type="String">Ein halbes Jahrhundert Krieg mit Atomwaffen, Biowaffen, Nano-Waffen und sogar kinetischen Killwaffen brachte uns die leere Welt - eine Bevölkerung von 100 Millionen Menschen, die schnell zusammenbrach.</Data></Cell>
</Row>
<Row ss:AutoFitHeight="0">
    <Cell ss:Index="2"><Data ss:Type="String">@Hint3</Data></Cell>
    <Cell><Data ss:Type="String">It was the Final War because after that there was really nobody left who wanted to fight; we were all too busy surviving.</Data></Cell>
    <Cell><Data ss:Type="String">Es war der letzte Krieg, weil danach wirklich niemand mehr übrig war, der kämpfen wollte; Wir waren alle zu sehr damit beschäftigt, zu überleben.</Data></Cell>
</Row>
<Row ss:AutoFitHeight="0">
    <Cell ss:Index="2"><Data ss:Type="String">@Hint4</Data></Cell>
    <Cell><Data ss:Type="String">Who's to blame? Depends on who you are, but you could just as easily blame the weapons industry; by the end, virtually every arms dealer in the world was owned by Amalgamated Corporation.</Data></Cell>
    <Cell><Data ss:Type="String">Wer ist schuld? Hängt davon ab, wer Sie sind, aber Sie könnten genauso leicht die Waffenindustrie beschuldigen. Am Ende war praktisch jeder Waffenhändler der Welt im Besitz der Amalgamated Corporation.</Data></Cell>
</Row>
<Row ss:AutoFitHeight="0">
    <Cell ss:Index="2"><Data ss:Type="String">@Hint5</Data></Cell>
    <Cell><Data ss:Type="String">Hell, in the end, the Amalgamated Corporation made just about everything. AC Sportsdrinks, AC Icecream, AC Battlegear, even AC Happytabs. I miss those. AC even gave us our wonderful mutant problem.</Data></Cell>
    <Cell><Data ss:Type="String">Verdammt, am Ende hat die Amalgamated Corporation so ziemlich alles gemacht. AC Sportdrinks, AC Icecream, AC Schlachtrüstung, sogar AC Happytabs. Ich vermisse diese. AC gab uns sogar unser wunderbares Mutantenproblem.</Data></Cell>
</Row>
<Row ss:AutoFitHeight="0">
    <Cell ss:Index="2"><Data ss:Type="String">@Hint6</Data></Cell>
    <Cell><Data ss:Type="String">All the weapons-grade isotopes getting into the water table, or the fish, or the air reacted with some of the leftover bio-weapons and made lots of people go as squirrely as tab-pumped cannibals.</Data></Cell>
    <Cell><Data ss:Type="String">Alle waffenfähigen Isotope, die in den Wassertisch geraten, oder die Fische oder die Luft, reagierten mit einigen der verbleibenden Biowaffen und ließen viele Menschen genauso zornig wie tabu-gepumpte Kannibalen gehen.</Data></Cell>
</Row>
<Row ss:AutoFitHeight="0">
    <Cell ss:Index="2"><Data ss:Type="String">@Hint7</Data></Cell>
    <Cell><Data ss:Type="String">You can ignore a neighbor developing neo-elephantitis or novuleprosy, but when he tries to eat you, you've got to take an interest.</Data></Cell>
    <Cell><Data ss:Type="String">Sie können einen Nachbarn ignorieren, der an Neoelefantitis oder Novuleprosy erkrankt.</Data></Cell>
</Row>
<Row ss:AutoFitHeight="0">
    <Cell ss:Index="2"><Data ss:Type="String">@Hint8</Data></Cell>
    <Cell><Data ss:Type="String">So that's it, we're done, civilization is taking a breather. In 2089, anyone left alive and unmutated is just focused on staying that way.</Data></Cell>
    <Cell><Data ss:Type="String">Das ist es also, wir sind fertig, die Zivilisation nimmt eine Verschnaufpause ein. Im Jahr 2089 ist jeder, der am Leben und unbewohnt ist, nur darauf konzentriert, diesen Weg zu bleiben.</Data></Cell>
</Row>
<Row ss:AutoFitHeight="0">
    <Cell ss:Index="2"><Data ss:Type="String">@Hint9</Data></Cell>
    <Cell><Data ss:Type="String">There are stories of enclaves here and there, where they're lucky enough to have plenty of food stockpiled and mutants are thin on the ground or there's lots of ammunition to throw at them. My advice is to find one, or make one.</Data></Cell>
    <Cell><Data ss:Type="String">Hier und da gibt es Geschichten von Enklaven, in denen sie das Glück haben, reichlich Nahrung vorrätig zu haben, und Mutanten sind dünn auf dem Boden oder es gibt viel Munition, die sie abwerfen können. Mein Rat ist, einen zu finden oder einen zu machen.</Data></Cell>
</Row>
<Row ss:AutoFitHeight="0">
    <Cell ss:Index="2"><Data ss:Type="String">@Hint10</Data></Cell>
    <Cell><Data ss:Type="String">The Earth abides, all this too shall pass away, and if Darwin blesses you then your kids will inherit what's left. For now, it's one day at a time.</Data></Cell>
    <Cell><Data ss:Type="String">Die Erde bleibt, all dies wird auch vergehen, und wenn Darwin Sie segnet, werden Ihre Kinder das restliche erben. Momentan ist es ein Tag nach dem anderen.</Data></Cell>
</Row>
<Row ss:AutoFitHeight="0">
    <Cell ss:Index="2"><Data ss:Type="String">@Hint11</Data></Cell>
    <Cell><Data ss:Type="String">In case you are bleeding, quickly tear old clothes into rags by right-clicking on them and selecting 'tear into rags'.</Data></Cell>
    <Cell><Data ss:Type="String">Falls Sie bluten, zerreißen Sie alte Kleidung schnell in Lumpen, indem Sie mit der rechten Maustaste darauf klicken und "In Lumpen reißen" auswählen.</Data></Cell>
</Row>
<Row ss:AutoFitHeight="0">
    <Cell ss:Index="2"><Data ss:Type="String">@Hint12</Data></Cell>
    <Cell><Data ss:Type="String">You need to craft and place a Plot Sign to claim land before you can start constructing your base. Plot signs cannot be destroyed until all other base parts are first destroyed.</Data></Cell>
    <Cell><Data ss:Type="String">Sie müssen ein Plot Sign erstellen und platzieren, um Land zu beanspruchen, bevor Sie mit dem Bau Ihrer Basis beginnen können. Plotzeichen können nicht zerstört werden, bevor alle anderen Basisteile zuerst zerstört werden.</Data></Cell>
</Row>
<Row ss:AutoFitHeight="0">
    <Cell ss:Index="2"><Data ss:Type="String">@Hint13</Data></Cell>
    <Cell><Data ss:Type="String">The Iron Sons left us crafting guides, you can learn their contents by finding and reading them.\nBe sure to keep an eye out for them or trade them with other survivors.</Data></Cell>
    <Cell><Data ss:Type="String">Die Eisensöhne haben uns Bastelhelfer hinterlassen, Sie können deren Inhalt lernen, indem Sie sie finden und lesen. \n Sehen Sie auf jeden Fall nach ihnen oder tauschen Sie sie mit anderen Überlebenden aus.</Data></Cell>
</Row>
<Row ss:AutoFitHeight="0">
    <Cell ss:Index="2"><Data ss:Type="String">@Hint14</Data></Cell>
    <Cell><Data ss:Type="String">If you happen to run out of ammo, you can melee attack with any weapon using %[player:special].</Data></Cell>
    <Cell><Data ss:Type="String">Wenn Ihnen die Munition ausgeht, können Sie mit %[player:special] mit jeder Waffe Nahkampfangriffe ausführen.</Data></Cell>
</Row>
<Row ss:AutoFitHeight="0">
    <Cell ss:Index="2"><Data ss:Type="String">@Hint15</Data></Cell>
    <Cell><Data ss:Type="String">No weapons on hand? Try kicking %[player:special2] instead of punching, for greater range and a more powerful attack!</Data></Cell>
    <Cell><Data ss:Type="String">Keine Waffen zur Hand? Versuchen Sie, %[player:special2] anstelle von Schlägen zu treten, um eine größere Reichweite und einen stärkeren Angriff zu erzielen!</Data></Cell>
</Row>
<Row ss:AutoFitHeight="0">
    <Cell ss:Index="2"><Data ss:Type="String">@Hint16</Data></Cell>
    <Cell><Data ss:Type="String">There is no shortage of wood in what is left of the world.\nStrike your Hatchet against trees to gather logs, which can then be refined into Lumber.</Data></Cell>
    <Cell><Data ss:Type="String">Es gibt keinen Mangel an Holz in der Welt, die noch übrig ist. \n Ziehen Sie Baumstämme an, um Baumstämme zu sammeln, die dann zu Holz verarbeitet werden können.</Data></Cell>
</Row>
<Row ss:AutoFitHeight="0">
    <Cell ss:Index="2"><Data ss:Type="String">@Hint17</Data></Cell>
    <Cell><Data ss:Type="String">Stones can be gathered from rocks with a Pickaxe. You can also use it to pick open skulls!</Data></Cell>
    <Cell><Data ss:Type="String">Steine ​​können mit einer Spitzhacke von Felsen geholt werden. Sie können es auch verwenden, um offene Schädel auszuwählen!</Data></Cell>
</Row>
<Row ss:AutoFitHeight="0">
    <Cell ss:Index="2"><Data ss:Type="String">@Hint18</Data></Cell>
    <Cell><Data ss:Type="String">Broken down cars make for a good source of scrap metal out in the wasteland, if you've got a Hammer on hand.</Data></Cell>
    <Cell><Data ss:Type="String">Abgebrochene Autos sind eine gute Quelle für Schrott in der Einöde, wenn Sie einen Hammer zur Hand haben.</Data></Cell>
</Row>
<Row ss:AutoFitHeight="0">
    <Cell ss:Index="2"><Data ss:Type="String">@Hint19</Data></Cell>
    <Cell><Data ss:Type="String">Group up with other survivors to start a clan. Clan members share each other's bases and can build together.</Data></Cell>
    <Cell><Data ss:Type="String">Gruppiere dich mit anderen Überlebenden, um einen Clan zu gründen. Clanmitglieder teilen sich die Basen und können zusammen bauen.</Data></Cell>
</Row>
<Row ss:AutoFitHeight="0">
    <Cell ss:Index="2"><Data ss:Type="String">@Hint20</Data></Cell>
    <Cell><Data ss:Type="String">You can only place one base building Plot Sign on each server.</Data></Cell>
    <Cell><Data ss:Type="String">Sie können auf jedem Server nur ein Plot Sign eines Basisgebäudes platzieren.</Data></Cell>
</Row>
<Row ss:AutoFitHeight="0">
    <Cell ss:Index="2"><Data ss:Type="String">@Hint21</Data></Cell>
    <Cell><Data ss:Type="String">'My home is my castle'. In order to keep it this way each base has to be at some distance from others.</Data></Cell>
    <Cell><Data ss:Type="String">'Mein zu Hause ist meine Burg'. Damit dies so bleibt, muss sich jede Basis etwas von anderen entfernt befinden.</Data></Cell>
</Row>
<Row ss:AutoFitHeight="0">
    <Cell ss:Index="2"><Data ss:Type="String">@Hint22</Data></Cell>
    <Cell><Data ss:Type="String">When placing a base part, hold down %[player:allow_rotate] and move the mouse to rotate the object.</Data></Cell>
    <Cell><Data ss:Type="String">Halten Sie beim Platzieren eines Basisteils %[player:allow_rotate] gedrückt und bewegen Sie die Maus, um das Objekt zu drehen.</Data></Cell>
</Row>
<Row ss:AutoFitHeight="0">
    <Cell ss:Index="2"><Data ss:Type="String">@Hint23</Data></Cell>
    <Cell><Data ss:Type="String">When placing a base part, you can constrain the item to your elevation by holding Left Shift.</Data></Cell>
    <Cell><Data ss:Type="String">Wenn Sie ein Basisteil platzieren, können Sie das Element auf Ihre Höhe beschränken, indem Sie die linke Umschalttaste gedrückt halten.</Data></Cell>
</Row>
<Row ss:AutoFitHeight="0">
    <Cell ss:Index="2"><Data ss:Type="String">@Hint24</Data></Cell>
    <Cell><Data ss:Type="String">When placing a base part, right clicking the mouse cancels its placement.</Data></Cell>
    <Cell><Data ss:Type="String">Wenn Sie ein Basisteil platzieren, wird die Platzierung mit der rechten Maustaste abgebrochen.</Data></Cell>
</Row>
<Row ss:AutoFitHeight="0">
    <Cell ss:Index="2"><Data ss:Type="String">@Hint25</Data></Cell>
    <Cell><Data ss:Type="String">When placing a base part, move your survivor around to change the part's position and orientation.</Data></Cell>
    <Cell><Data ss:Type="String">Wenn Sie ein Basisteil platzieren, bewegen Sie Ihren Überlebenden, um die Position und Ausrichtung des Teils zu ändern.</Data></Cell>
</Row>
<Row ss:AutoFitHeight="0">
    <Cell ss:Index="2"><Data ss:Type="String">@Hint26</Data></Cell>
    <Cell><Data ss:Type="String">You can only place base parts on your own land, or a clan member's land.</Data></Cell>
    <Cell><Data ss:Type="String">Sie können Basisteile nur auf Ihrem eigenen Land oder auf dem Land eines Clanmitglieds platzieren.</Data></Cell>
</Row>
<Row ss:AutoFitHeight="0">
    <Cell ss:Index="2"><Data ss:Type="String">@Hint27</Data></Cell>
    <Cell><Data ss:Type="String">The more parts your base consists of, the longer your base will survive unattended. Interact with your base to keep it alive!</Data></Cell>
    <Cell><Data ss:Type="String">Je mehr Teile Ihre Basis enthält, desto länger überlebt Ihre Basis unbeaufsichtigt. Interagiere mit deiner Basis, um sie am Leben zu erhalten!</Data></Cell>
</Row>
<Row ss:AutoFitHeight="0">
    <Cell ss:Index="2"><Data ss:Type="String">@Hint28</Data></Cell>
    <Cell><Data ss:Type="String">Type !base in chat to obtain information about your current base, how many parts it has and life time remaining.</Data></Cell>
    <Cell><Data ss:Type="String">Geben Sie! Base im Chat ein, um Informationen über Ihre aktuelle Basis, die Anzahl der verbleibenden Teile und die verbleibende Lebensdauer zu erhalten.</Data></Cell>
</Row>
<Row ss:AutoFitHeight="0">
    <Cell ss:Index="2"><Data ss:Type="String">@Hint29</Data></Cell>
    <Cell><Data ss:Type="String">Scavenge thoroughly! The few resources left in this world can be found in the most unlikely of places.</Data></Cell>
    <Cell><Data ss:Type="String">Friss gründlich! Die wenigen Ressourcen, die auf dieser Welt übrig sind, können an den unwahrscheinlichsten Orten gefunden werden.</Data></Cell>
</Row>
<Row ss:AutoFitHeight="0">
    <Cell ss:Index="2"><Data ss:Type="String">@Hint30</Data></Cell>
    <Cell><Data ss:Type="String">Running through the wasteland makes you thirsty. Containers can be refilled by looking at a water source and using the action menu.</Data></Cell>
    <Cell><Data ss:Type="String">Durch die Einöde zu laufen, macht Durst. Behälter können durch Betrachten einer Wasserquelle und über das Aktionsmenü aufgefüllt werden.</Data></Cell>
</Row>
<Row ss:AutoFitHeight="0">
    <Cell ss:Index="2"><Data ss:Type="String">@Hint31</Data></Cell>
    <Cell><Data ss:Type="String">The few generators left in the world can be powered up with the right resources.\nCheck the inventory on it to see what it needs.</Data></Cell>
    <Cell><Data ss:Type="String">Die wenigen Generatoren, die auf der Welt übrig sind, können mit den richtigen Ressourcen hochgefahren werden.</Data></Cell>
</Row>
<Row ss:AutoFitHeight="0">
    <Cell ss:Index="2"><Data ss:Type="String">@Hint32</Data></Cell>
    <Cell><Data ss:Type="String">Your survivor can carry up to 40kg. Backpacks and clothes have pockets to carry more items.\nKeep an eye on your gear's weight in the inventory screen.</Data></Cell>
    <Cell><Data ss:Type="String">Ihr Überlebender kann bis zu 40 kg tragen. Rucksäcke und Kleidung haben Taschen, um weitere Gegenstände zu transportieren. Achten Sie im Inventar auf das Gewicht Ihrer Ausrüstung.</Data></Cell>
</Row>
<Row ss:AutoFitHeight="0">
    <Cell ss:Index="2"><Data ss:Type="String">@Hint33</Data></Cell>
    <Cell><Data ss:Type="String">You can repair vehicles by hitting it with the Lug Wrench weapon.</Data></Cell>
    <Cell><Data ss:Type="String">Sie können Fahrzeuge reparieren, indem Sie sie mit der Waffe mit dem Schlüssel Lug schlagen.</Data></Cell>
</Row>
<Row ss:AutoFitHeight="0">
    <Cell ss:Index="2"><Data ss:Type="String">@Hint34</Data></Cell>
    <Cell><Data ss:Type="String">Vehicles are great for storing heavy stuff, but don't let someone else drive off with it!</Data></Cell>
    <Cell><Data ss:Type="String">Fahrzeuge eignen sich hervorragend zum Verstauen schwerer Sachen, aber lassen Sie niemanden damit davonfahren!</Data></Cell>
</Row>
<Row ss:AutoFitHeight="0">
    <Cell ss:Index="2"><Data ss:Type="String">@Hint35</Data></Cell>
    <Cell><Data ss:Type="String">Vehicles require several resources in order to be started. Check the vehicle's inventory to see what it needs.</Data></Cell>
    <Cell><Data ss:Type="String">Fahrzeuge benötigen mehrere Ressourcen, um gestartet zu werden. Überprüfen Sie den Bestand des Fahrzeugs, um herauszufinden, was es benötigt.</Data></Cell>
</Row>
<Row ss:AutoFitHeight="0">
    <Cell ss:Index="2"><Data ss:Type="String">@Hint36</Data></Cell>
    <Cell><Data ss:Type="String">Vehicles can drive with no wheels, but they handle poorly and are slow.</Data></Cell>
    <Cell><Data ss:Type="String">Fahrzeuge können ohne Räder fahren, aber sie fahren schlecht und sind langsam.</Data></Cell>
</Row>
<Row ss:AutoFitHeight="0">
    <Cell ss:Index="2"><Data ss:Type="String">@Hint37</Data></Cell>
    <Cell><Data ss:Type="String">Weapon feels inaccurate? Press and hold %[player:stabilize] to hold your breath and reduce sway.</Data></Cell>
    <Cell><Data ss:Type="String">Waffe fühlt sich ungenau an? Halten Sie %[player:stabilize] gedrückt, um den Atem anzuhalten und das Pendeln zu reduzieren.</Data></Cell>
</Row>
<Row ss:AutoFitHeight="0">
    <Cell ss:Index="2"><Data ss:Type="String">@Hint38</Data></Cell>
    <Cell><Data ss:Type="String">While Mutants may lack in ranged attacks, they are very powerful up-close. Try to stay away from them if you can.</Data></Cell>
    <Cell><Data ss:Type="String">Mutanten können zwar an Fernkampfangriffen fehlen, sie sind jedoch aus nächster Nähe sehr mächtig. Versuchen Sie sich von ihnen fernzuhalten, wenn Sie können.</Data></Cell>
</Row>
<Row ss:AutoFitHeight="0">
    <Cell ss:Index="2"><Data ss:Type="String">@Hint39</Data></Cell>
    <Cell><Data ss:Type="String">Shoes give you some protection against punji stick traps, but it is best to avoid them all together.</Data></Cell>
    <Cell><Data ss:Type="String">Schuhe bieten einen gewissen Schutz gegen Punji-Stick-Fallen, aber es ist am besten, alle zusammen zu vermeiden.</Data></Cell>
</Row>
<Row ss:AutoFitHeight="0">
    <Cell ss:Index="2"><Data ss:Type="String">@Hint40</Data></Cell>
    <Cell><Data ss:Type="String">Be aware of your surroundings! Hiding in bushes and other foliage can be a useful tactic.</Data></Cell>
    <Cell><Data ss:Type="String">Sei dir deiner Umgebung bewusst! Das Verstecken in Büschen und anderen Blättern kann eine nützliche Taktik sein.</Data></Cell>
</Row>
<Row ss:AutoFitHeight="0">
    <Cell ss:Index="2"><Data ss:Type="String">@Hint41</Data></Cell>
    <Cell><Data ss:Type="String">Shooting from the hip is significantly less accurate than using your iron sights.</Data></Cell>
    <Cell><Data ss:Type="String">Das Schießen von der Hüfte aus ist deutlich ungenauer als die Verwendung Ihrer Eisensucher.</Data></Cell>
</Row>
<Row ss:AutoFitHeight="0">
    <Cell ss:Index="2"><Data ss:Type="String">@Hint42</Data></Cell>
    <Cell><Data ss:Type="String">All projectiles are affected by gravity. Make sure to lead your shots if you engage in long range combat.</Data></Cell>
    <Cell><Data ss:Type="String">Alle Geschosse sind von der Schwerkraft betroffen. Stellen Sie sicher, dass Sie Ihre Schüsse führen, wenn Sie sich im Fernkampf befinden.</Data></Cell>
</Row>
<Row ss:AutoFitHeight="0">
    <Cell ss:Index="2"><Data ss:Type="String">@Hint43</Data></Cell>
    <Cell><Data ss:Type="String">You can create a clan through the clan tab in your inventory.</Data></Cell>
    <Cell><Data ss:Type="String">Sie können einen Clan über die Clan-Registerkarte in Ihrem Inventar erstellen.</Data></Cell>
</Row>
<Row ss:AutoFitHeight="0">
    <Cell ss:Index="2"><Data ss:Type="String">@Hint44</Data></Cell>
    <Cell><Data ss:Type="String">Crouching with %[player:crouch] makes you quieter, a harder target to hit, and also increases your accuracy.</Data></Cell>
    <Cell><Data ss:Type="String">Das Hocken mit %[player:crouch] macht Sie ruhiger, ein schwierigeres Ziel und erhöht Ihre Genauigkeit.</Data></Cell>
</Row>
<Row ss:AutoFitHeight="0">
    <Cell ss:Index="2"><Data ss:Type="String">@Hint45</Data></Cell>
    <Cell><Data ss:Type="String">Proning with %[player:prone] lowers your profile a lot making you a harder target to hit, and also increasing your accuracy.</Data></Cell>
    <Cell><Data ss:Type="String">Durch das Proning mit %[player:prone] wird Ihr Profil erheblich verringert, wodurch Sie ein schwierigeres Ziel treffen und Ihre Treffsicherheit erhöhen.</Data></Cell>
</Row>
<Row ss:AutoFitHeight="0">
    <Cell ss:Index="2"><Data ss:Type="String">@Hint46</Data></Cell>
    <Cell><Data ss:Type="String">During prone %[player:prone] or %[player:crouch] you can modify your speed and loudness by using the sprint %[player:sprint] or walk %[player:walk] bindings.</Data></Cell>
    <Cell><Data ss:Type="String">Während der Bauchlage von %[player:prone] oder %[player:crouch] können Sie Ihre Geschwindigkeit und Lautstärke ändern, indem Sie die Sprint-Bindungen %[player:sprint] oder Walk [%: Player: Walk] verwenden.</Data></Cell>
</Row>
<Row ss:AutoFitHeight="0">
    <Cell ss:Index="2"><Data ss:Type="String">@Hint47</Data></Cell>
    <Cell><Data ss:Type="String">During prone %[player:prone] you can perform fast side-rolls by combining it with sprint %[player:sprint] and %[player:moveleft] or %[player:moveright].</Data></Cell>
    <Cell><Data ss:Type="String">Während der Bauchlage von %[player:prone] können Sie schnelle Side-Rolls ausführen, indem Sie %[player:sprint] und %[player:moveleft] oder %[player:moveright] kombinieren.</Data></Cell>
</Row>
<Row ss:AutoFitHeight="0">
    <Cell ss:Index="2"><Data ss:Type="String">@Hint48</Data></Cell>
    <Cell><Data ss:Type="String">A 'shoot first, ask questions later' policy might not always be the best option. Use your voice %[default:voice_chat_talk] to talk and group up with other survivors.</Data></Cell>
    <Cell><Data ss:Type="String">Eine Richtlinie "Zuerst schießen, Fragen stellen" ist möglicherweise nicht immer die beste Option. Verwenden Sie Ihre Stimme %[default:voice_chat_talk], um sich mit anderen Überlebenden zu unterhalten.</Data></Cell>
</Row>
<Row ss:AutoFitHeight="0">
    <Cell ss:Index="2"><Data ss:Type="String">@Hint49</Data></Cell>
    <Cell><Data ss:Type="String">Double-tapping the voice key %[default:voice_chat_talk] will change your voice mode. The two available modes are push-to-talk and voice-activated.</Data></Cell>
    <Cell><Data ss:Type="String">Durch Doppelklicken auf die Sprach-Taste %[default:voice_chat_talk] wird der Sprachmodus geändert. Die zwei verfügbaren Modi sind Push-to-Talk und sprachaktiviert.</Data></Cell>
</Row>
<Row ss:AutoFitHeight="0">
    <Cell ss:Index="2"><Data ss:Type="String">@Hint50</Data></Cell>
    <Cell><Data ss:Type="String">Speak to other survivors using %[default:voice_chat_talk] to determine if they are friendly or hostile.</Data></Cell>
    <Cell><Data ss:Type="String">Sprich mit anderen Überlebenden mit %[default:voice_chat_talk], um festzustellen, ob sie freundlich oder feindlich sind.</Data></Cell>
</Row>
<Row ss:AutoFitHeight="0">
    <Cell ss:Index="2"><Data ss:Type="String">@Hint51</Data></Cell>
    <Cell><Data ss:Type="String">You can switch which shoulder the camera is over by pressing %[player:switchshoulder].</Data></Cell>
    <Cell><Data ss:Type="String">Sie können die Schulter über der Kamera wechseln, indem Sie %[player:switchshoulder] drücken.</Data></Cell>
</Row>
<Row ss:AutoFitHeight="0">
    <Cell ss:Index="2"><Data ss:Type="String">@Hint52</Data></Cell>
    <Cell><Data ss:Type="String">You can walk slowly and make less noise when moving around by using %[player:walk].</Data></Cell>
    <Cell><Data ss:Type="String">Mit %[player:walk] können Sie langsam gehen und weniger Geräusche machen, wenn Sie sich bewegen.</Data></Cell>
</Row>
<Row ss:AutoFitHeight="0">
    <Cell ss:Index="2"><Data ss:Type="String">@Hint53</Data></Cell>
    <Cell><Data ss:Type="String">A full list of available actions can be found in the Controls menu. You can also rebind actions from this menu.</Data></Cell>
    <Cell><Data ss:Type="String">Eine vollständige Liste der verfügbaren Aktionen finden Sie im Menü Controls. Sie können Aktionen auch über dieses Menü erneut binden.</Data></Cell>
</Row>
<Row ss:AutoFitHeight="0">
    <Cell ss:Index="2"><Data ss:Type="String">@Hint54</Data></Cell>
    <Cell><Data ss:Type="String">When being idle too long, or waiting to long to respawn, you will be automatically kicked from the server.\nIt's wise to sign out in areas that are less hostile.</Data></Cell>
    <Cell><Data ss:Type="String">Wenn Sie sich zu lange im Leerlauf befinden oder zu lange warten, bis Sie wieder erscheinen, werden Sie automatisch vom Server weggeschoben.</Data></Cell>
</Row>
<Row ss:AutoFitHeight="0">
    <Cell ss:Index="2"><Data ss:Type="String">@Hint55</Data></Cell>
    <Cell><Data ss:Type="String">Remember to carry a torch or flashlight with you at night, or when entering dark areas.</Data></Cell>
    <Cell><Data ss:Type="String">Denken Sie daran, nachts oder beim Betreten dunkler Bereiche eine Taschenlampe oder Taschenlampe mitzunehmen.</Data></Cell>
</Row>
<Row ss:AutoFitHeight="0">
    <Cell ss:Index="2"><Data ss:Type="String">@Hint56</Data></Cell>
    <Cell><Data ss:Type="String">Count the bullets as you fire and check the magazine in the inventory to avoid running out of bullets during a firefight.</Data></Cell>
    <Cell><Data ss:Type="String">Zählen Sie die Kugeln, während Sie schießen, und überprüfen Sie das Magazin im Inventar, um zu vermeiden, dass die Kugeln während eines Feuergefechts ausgehen.</Data></Cell>
</Row>
<Row ss:AutoFitHeight="0">
    <Cell ss:Index="2"><Data ss:Type="String">@Hint57</Data></Cell>
    <Cell><Data ss:Type="String">If you hear another survivor nearby, stay still and observe them to determine how best to proceed.</Data></Cell>
    <Cell><Data ss:Type="String">Wenn Sie einen anderen Überlebenden in der Nähe hören, bleiben Sie stehen und beobachten Sie, wie er am besten vorgeht.</Data></Cell>
</Row>
<Row ss:AutoFitHeight="0">
    <Cell ss:Index="2"><Data ss:Type="String">@Hint58</Data></Cell>
    <Cell><Data ss:Type="String">Find cover in a firefight. Being out in the open is asking for trouble.</Data></Cell>
    <Cell><Data ss:Type="String">Deckung in einem Feuergefecht finden. Im Freien zu sein, verlangt nach Ärger.</Data></Cell>
</Row>
<Row ss:AutoFitHeight="0">
    <Cell ss:Index="2"><Data ss:Type="String">@Hint59</Data></Cell>
    <Cell><Data ss:Type="String">Sticking to the roads can be dangerous. It may be wise to find another route.</Data></Cell>
    <Cell><Data ss:Type="String">Das Festhalten an den Straßen kann gefährlich sein. Es kann sinnvoll sein, eine andere Route zu finden.</Data></Cell>
</Row>
<Row ss:AutoFitHeight="0">
    <Cell ss:Index="2"><Data ss:Type="String">@Hint60</Data></Cell>
    <Cell><Data ss:Type="String">The 5-ton truck can carry up to 10 people, but if you need to transport the entire clan across town in style, load up to 29 survivors in the party bus!</Data></Cell>
    <Cell><Data ss:Type="String">Der 5-Tonnen-LKW kann bis zu 10 Personen transportieren. Wenn Sie jedoch den gesamten Clan stilvoll durch die Stadt transportieren müssen, laden Sie im Partybus bis zu 29 Überlebende!</Data></Cell>
</Row>
<Row ss:AutoFitHeight="0">
    <Cell ss:Index="2"><Data ss:Type="String">@Hint61</Data></Cell>
    <Cell><Data ss:Type="String">Radiation areas are detectable with geiger counter or noticeable by a slightly blue glow. Stock up on anti-rad pills, anti-rad mushrooms or potassium-iodine pills before entering known radiation areas.</Data></Cell>
    <Cell><Data ss:Type="String">Strahlungsbereiche sind mit einem Geigerzähler erkennbar oder durch ein leicht blaues Leuchten erkennbar. Vor dem Betreten von bekannten Bestrahlungsbereichen sollten Sie sich vor dem Betreten bekannter Bestrahlungspillen mit Anti-Rad-Pillen, Anti-Rad-Pilzen oder Kaliumjodpillen auffüllen.</Data></Cell>
</Row>
<Row ss:AutoFitHeight="0">
    <Cell ss:Index="2"><Data ss:Type="String">@Hint62</Data></Cell>
    <Cell><Data ss:Type="String">Sometimes your best option to get out of trouble is to jump off a bridge and dive under water.</Data></Cell>
    <Cell><Data ss:Type="String">Manchmal ist es am besten, wenn Sie aus einer Brücke heraus springen und unter Wasser tauchen.</Data></Cell>
</Row>
<Row ss:AutoFitHeight="0">
    <Cell ss:Index="2"><Data ss:Type="String">@Hint63</Data></Cell>
    <Cell><Data ss:Type="String">Being well fed and hydrated will allow you to recover faster from wounds.</Data></Cell>
    <Cell><Data ss:Type="String">Wenn Sie gut genährt und mit Feuchtigkeit versorgt werden, können Sie sich schneller von Wunden erholen.</Data></Cell>
</Row>
<Row ss:AutoFitHeight="0">
    <Cell ss:Index="2"><Data ss:Type="String">@Hint64</Data></Cell>
    <Cell><Data ss:Type="String">Team up with a group or clan to increase your chance of survival. Remember what your friends are wearing and call out if you change appearance to avoid accidental friendly fire.</Data></Cell>
    <Cell><Data ss:Type="String">Schließe dich mit einer Gruppe oder einem Clan zusammen, um deine Überlebenschancen zu erhöhen. Denken Sie daran, was Ihre Freunde tragen, und rufen Sie auf, wenn Sie das Aussehen ändern, um ein versehentliches Feuer zu vermeiden.</Data></Cell>
</Row>
<Row ss:AutoFitHeight="0">
    <Cell ss:Index="2"><Data ss:Type="String">@Hint65</Data></Cell>
    <Cell><Data ss:Type="String">If you hear a mutant or survivor, chances are they're coming for you, so watch your back!\nYou can also freelook using %[player:allow_rotate].</Data></Cell>
    <Cell><Data ss:Type="String">Wenn Sie einen Mutanten oder einen Überlebenden hören, besteht die Chance, dass sie auf Sie warten, also passen Sie auf Ihren Rücken! \n Sie können auch mit %[player:allow_rotate] freelooken.</Data></Cell>
</Row>
<Row ss:AutoFitHeight="0">
    <Cell ss:Index="2"><Data ss:Type="String">@Hint66</Data></Cell>
    <Cell><Data ss:Type="String">Vehicles can be shot and will explode when damaged enough.</Data></Cell>
    <Cell><Data ss:Type="String">Fahrzeuge können erschossen werden und explodieren, wenn sie ausreichend beschädigt sind.</Data></Cell>
</Row>
<Row ss:AutoFitHeight="0">
    <Cell ss:Index="2"><Data ss:Type="String">@Hint67</Data></Cell>
    <Cell><Data ss:Type="String">Objects filled with explosives, propane, fuel or fire extinguishers will explode when destroyed.\nThis also applies to your inventory if your equipment is shot at.</Data></Cell>
    <Cell><Data ss:Type="String">Gegenstände, die mit Sprengstoff, Propan, Kraftstoff oder Feuerlöschern gefüllt sind, explodieren bei Zerstörung. \ Dies gilt auch für Ihr Inventar, wenn auf Ihre Ausrüstung geschossen wird.</Data></Cell>
</Row>
<Row ss:AutoFitHeight="0">
    <Cell ss:Index="2"><Data ss:Type="String">@Hint68</Data></Cell>
    <Cell><Data ss:Type="String">Wind will affect your bullet path. The path change will increase with distance, as will bullet drop.</Data></Cell>
    <Cell><Data ss:Type="String">Der Wind beeinflusst Ihren Kugelpfad. Die Pfadänderung nimmt mit zunehmender Entfernung zu, ebenso wie der Kugelabfall.</Data></Cell>
</Row>
<Row ss:AutoFitHeight="0">
    <Cell ss:Index="2"><Data ss:Type="String">@Hint69</Data></Cell>
    <Cell><Data ss:Type="String">You can craft improved bandages by combining rubbing alcohol and a bandage.</Data></Cell>
    <Cell><Data ss:Type="String">Sie können verbesserte Bandagen herstellen, indem Sie Alkohol und einen Verband kombinieren.</Data></Cell>
</Row>
<Row ss:AutoFitHeight="0">
    <Cell ss:Index="2"><Data ss:Type="String">@Hint70</Data></Cell>
    <Cell><Data ss:Type="String">Medic 101: Antibiotics cure poison. Anti-rad pills decrease radiation. Bandages or rags decrease bleeding.</Data></Cell>
    <Cell><Data ss:Type="String">Medic 101: Antibiotika heilen Gift. Anti-Rad-Pillen verringern die Strahlung. Bandagen oder Lumpen vermindern Blutungen.</Data></Cell>
</Row>
<Row ss:AutoFitHeight="0">
    <Cell ss:Index="2"><Data ss:Type="String">@Hint71</Data></Cell>
    <Cell><Data ss:Type="String">You can join a friend's gameplay session quickly through the Steam friends list.</Data></Cell>
    <Cell><Data ss:Type="String">Über die Steam-Freundesliste können Sie schnell an einer Gameplay-Sitzung eines Freundes teilnehmen.</Data></Cell>
</Row>
<Row ss:AutoFitHeight="0">
    <Cell ss:Index="2"><Data ss:Type="String">@Hint72</Data></Cell>
    <Cell><Data ss:Type="String">You can directly join a gameplay session through the Steam server browser (View > Servers).</Data></Cell>
    <Cell><Data ss:Type="String">Sie können direkt an einer Gameplay-Sitzung über den Steam-Server-Browser teilnehmen (Ansicht> Server).</Data></Cell>
</Row>
<Row ss:AutoFitHeight="0">
    <Cell ss:Index="2"><Data ss:Type="String">@Hint73</Data></Cell>
    <Cell><Data ss:Type="String">Hover the mouse cursor over items in your inventory for a more detailed description of the item.</Data></Cell>
    <Cell><Data ss:Type="String">Bewegen Sie den Mauszeiger über Gegenstände in Ihrem Inventar, um eine genauere Beschreibung des Gegenstands zu erhalten.</Data></Cell>
</Row>
<Row ss:AutoFitHeight="0">
    <Cell ss:Index="2"><Data ss:Type="String">@Hint74</Data></Cell>
    <Cell><Data ss:Type="String">If you encounter a survivor threatening you with a weapon, check to see if they even have a magazine in it.\nThey might be bluffing!</Data></Cell>
    <Cell><Data ss:Type="String">Wenn Sie einem Überlebenden begegnen, der Sie mit einer Waffe bedroht, prüfen Sie, ob überhaupt eine Zeitschrift darin ist.</Data></Cell>
</Row>
<Row ss:AutoFitHeight="0">
    <Cell ss:Index="2"><Data ss:Type="String">@Hint75</Data></Cell>
    <Cell><Data ss:Type="String">Other survivors can see light at night from a great distance. Be careful or your flashlight might give away your position.</Data></Cell>
    <Cell><Data ss:Type="String">Andere Überlebende können nachts aus großer Entfernung Licht sehen. Seien Sie vorsichtig, oder Ihre Taschenlampe kann Ihre Position verraten.</Data></Cell>
</Row>
<Row ss:AutoFitHeight="0">
    <Cell ss:Index="2"><Data ss:Type="String">@Hint76</Data></Cell>
    <Cell><Data ss:Type="String">Run into the direction you want to jump. The momentum will increase your jump distance.</Data></Cell>
    <Cell><Data ss:Type="String">Laufen Sie in die Richtung, in die Sie springen möchten. Der Impuls erhöht Ihre Sprungdistanz.</Data></Cell>
</Row>
<Row ss:AutoFitHeight="0">
    <Cell ss:Index="2"><Data ss:Type="String">@Hint77</Data></Cell>
    <Cell><Data ss:Type="String">Some backpacks have more space than others. Keep on the lookout for improved versions of items you already own.</Data></Cell>
    <Cell><Data ss:Type="String">Einige Rucksäcke haben mehr Platz als andere. Halten Sie Ausschau nach verbesserten Versionen von Elementen, die Sie bereits besitzen.</Data></Cell>
</Row>
<Row ss:AutoFitHeight="0">
    <Cell ss:Index="2"><Data ss:Type="String">@Hint78</Data></Cell>
    <Cell><Data ss:Type="String">Holstering your weapon will make you appear less threatening to other survivors.</Data></Cell>
    <Cell><Data ss:Type="String">Wenn Sie Ihre Waffe in den Holster stecken, wirken Sie anderen Überlebenden weniger bedrohlich.</Data></Cell>
</Row>
<Row ss:AutoFitHeight="0">
    <Cell ss:Index="2"><Data ss:Type="String">@Hint79</Data></Cell>
    <Cell><Data ss:Type="String">Some mushrooms can be eaten, and others can be used as a crafting ingredient.</Data></Cell>
    <Cell><Data ss:Type="String">Einige Pilze können gegessen werden, andere können als Handwerkszutat verwendet werden.</Data></Cell>
</Row>
<Row ss:AutoFitHeight="0">
    <Cell ss:Index="2"><Data ss:Type="String">@Hint80</Data></Cell>
    <Cell><Data ss:Type="String">Some melee weapons have an increased chance to make your foe bleed.</Data></Cell>
    <Cell><Data ss:Type="String">Einige Nahkampfwaffen haben eine erhöhte Chance, dass dein Gegner blutet.</Data></Cell>
</Row>
<Row ss:AutoFitHeight="0">
    <Cell ss:Index="2"><Data ss:Type="String">@Hint81</Data></Cell>
    <Cell><Data ss:Type="String">If you are lost, look for roads, rivers, landmarks or power lines, they will likely lead you to somewhere of interest.</Data></Cell>
    <Cell><Data ss:Type="String">Wenn Sie sich verirrt haben, suchen Sie nach Straßen, Flüssen, Sehenswürdigkeiten oder Stromleitungen. Diese führen Sie wahrscheinlich an einen interessanten Ort.</Data></Cell>
</Row>
<Row ss:AutoFitHeight="0">
    <Cell ss:Index="2"><Data ss:Type="String">@Hint82</Data></Cell>
    <Cell><Data ss:Type="String">Besides voice communication, there are 3 different text chat modes (all with different ranges): whisper, local, and area.</Data></Cell>
    <Cell><Data ss:Type="String">Neben der Sprachkommunikation gibt es drei verschiedene Text-Chat-Modi (alle mit unterschiedlichen Bereichen): Flüstern, Lokal und Bereich.</Data></Cell>
</Row>
<Row ss:AutoFitHeight="0">
    <Cell ss:Index="2"><Data ss:Type="String">@Hint83</Data></Cell>
    <Cell><Data ss:Type="String">You can sit down by using %[player:sit] when you are not holding an item.</Data></Cell>
    <Cell><Data ss:Type="String">Sie können sich mit %[player:sit] setzen, wenn Sie keinen Gegenstand halten.</Data></Cell>
</Row>
<Row ss:AutoFitHeight="0">
    <Cell ss:Index="2"><Data ss:Type="String">@Hint84</Data></Cell>
    <Cell><Data ss:Type="String">Look for a bus stop if you get lost. Bus stops have maps on them to help you get your bearings.</Data></Cell>
    <Cell><Data ss:Type="String">Suchen Sie nach einer Bushaltestelle, wenn Sie sich verlaufen haben. An Bushaltestellen befinden sich Karten, auf denen Sie sich orientieren können.</Data></Cell>
</Row>
<Row ss:AutoFitHeight="0">
    <Cell ss:Index="2"><Data ss:Type="String">@Hint85</Data></Cell>
    <Cell><Data ss:Type="String">There are some maps of the local area on signs placed throughout the world.</Data></Cell>
    <Cell><Data ss:Type="String">Es gibt einige Karten der Region auf Schildern, die auf der ganzen Welt angebracht sind.</Data></Cell>
</Row>
<Row ss:AutoFitHeight="0">
    <Cell ss:Index="2"><Data ss:Type="String">@Hint86</Data></Cell>
    <Cell><Data ss:Type="String">Keep an eye out for hand-held maps of Orca Island, scattered throughout the world.</Data></Cell>
    <Cell><Data ss:Type="String">Halten Sie Ausschau nach Handkarten der Insel Orca, die auf der ganzen Welt verstreut ist.</Data></Cell>
</Row>
<Row ss:AutoFitHeight="0">
    <Cell ss:Index="2"><Data ss:Type="String">@Hint87</Data></Cell>
    <Cell><Data ss:Type="String">Raise your weapon or fists by using %[player:tactical], this will slow you down while running, but not while sprinting.</Data></Cell>
    <Cell><Data ss:Type="String">Erhöhen Sie Ihre Waffe oder Ihre Fäuste mit %[player:tactical], dies wird Sie beim Laufen verlangsamen, nicht aber beim Sprint.</Data></Cell>
</Row>
<Row ss:AutoFitHeight="0">
    <Cell ss:Index="2"><Data ss:Type="String">@Hint88</Data></Cell>
    <Cell><Data ss:Type="String">Quickly go to ironsight when your weapon isn't raised yet by using a single tap to %[player:attack1] followed by %[player:zoom].</Data></Cell>
    <Cell><Data ss:Type="String">Gehen Sie schnell zum Dämmerlicht über, wenn Ihre Waffe noch nicht angehoben ist, indem Sie %[player:attack1] und dann %[player:zoom] einmal antippen.</Data></Cell>
</Row>
<Row ss:AutoFitHeight="0">
    <Cell ss:Index="2"><Data ss:Type="String">@Hint89</Data></Cell>
    <Cell><Data ss:Type="String">You can focus zoom at any time, with any item in hand, by using %[player:zoom].</Data></Cell>
    <Cell><Data ss:Type="String">Sie können den Zoom jederzeit mit jedem Element in der Hand fokussieren, indem Sie %[player:zoom] verwenden.</Data></Cell>
</Row>
<Row ss:AutoFitHeight="0">
    <Cell ss:Index="2"><Data ss:Type="String">@Hint90</Data></Cell>
    <Cell><Data ss:Type="String">You can surrender to survivors by using %[default:emotep_handsup] and putting your weapon away.</Data></Cell>
    <Cell><Data ss:Type="String">Sie können sich Überlebenden ergeben, indem Sie %[default:emotep_handsup] verwenden und Ihre Waffe ablegen.</Data></Cell>
</Row>
<Row ss:AutoFitHeight="0">
    <Cell ss:Index="2"><Data ss:Type="String">@Hint91</Data></Cell>
    <Cell><Data ss:Type="String">Greet other survivors by waving using %[default:emote_wave].</Data></Cell>
    <Cell><Data ss:Type="String">Begrüßen Sie andere Überlebende, indem Sie mit %[default:emote_wave] winken.</Data></Cell>
</Row>
<Row ss:AutoFitHeight="0">
    <Cell ss:Index="2"><Data ss:Type="String">@Hint92</Data></Cell>
    <Cell><Data ss:Type="String">Warn other survivors to approach by indicating to them to stop using %[default:emote_stop].</Data></Cell>
    <Cell><Data ss:Type="String">Warnen Sie andere Überlebende, sich zu nähern, indem Sie ihnen mitteilen, dass sie %[default:emote_stop] nicht mehr verwenden sollen.</Data></Cell>
</Row>
<Row ss:AutoFitHeight="0">
    <Cell ss:Index="2"><Data ss:Type="String">@Hint93</Data></Cell>
    <Cell><Data ss:Type="String">Invite survivors to approach by using %[default:emote_comehere].</Data></Cell>
    <Cell><Data ss:Type="String">Laden Sie Überlebende ein, sich mit %[default:emote_comehere] zu nähern.</Data></Cell>
</Row>
<Row ss:AutoFitHeight="0">
    <Cell ss:Index="2"><Data ss:Type="String">@Hint94</Data></Cell>
    <Cell><Data ss:Type="String">Warn survivors to be silent by using %[default:emote_shhh].</Data></Cell>
    <Cell><Data ss:Type="String">Überwachen Sie Überlebende, indem Sie %[default:emote_shhh] verwenden.</Data></Cell>
</Row>
<Row ss:AutoFitHeight="0">
    <Cell ss:Index="2"><Data ss:Type="String">@Hint95</Data></Cell>
    <Cell><Data ss:Type="String">Give other survivors directions by using %[default:emote_pointfinger].</Data></Cell>
    <Cell><Data ss:Type="String">Geben Sie anderen Überlebenden Anweisungen, indem Sie %[default:emote_pointfinger] verwenden.</Data></Cell>
</Row>
<Row ss:AutoFitHeight="0">
    <Cell ss:Index="2"><Data ss:Type="String">@Hint96</Data></Cell>
    <Cell><Data ss:Type="String">Increase the range of bows and throwing items by holding %[player:attack1] for about a second before releasing.</Data></Cell>
    <Cell><Data ss:Type="String">Erhöhen Sie die Reichweite der Bögen und werfen Sie Gegenstände, indem Sie %[player:attack1] etwa eine Sekunde lang halten, bevor Sie loslassen.</Data></Cell>
</Row>
<Row ss:AutoFitHeight="0">
    <Cell ss:Index="2"><Data ss:Type="String">@Hint97</Data></Cell>
    <Cell><Data ss:Type="String">You can craft arrows and bolts with various effects (e.g. Fire or Poison).\nMost of these effects can only be used once per projectile.</Data></Cell>
    <Cell><Data ss:Type="String">Sie können Pfeile und Bolzen mit verschiedenen Effekten herstellen (z. B. Feuer oder Gift). \ Die meisten dieser Effekte können nur einmal pro Projektil verwendet werden.</Data></Cell>
</Row>
<Row ss:AutoFitHeight="0">
    <Cell ss:Index="2"><Data ss:Type="String">@Hint98</Data></Cell>
    <Cell><Data ss:Type="String">Rest up and give your wounds time to heal. Sitting down %[player:sit] will heal your wounds faster.</Data></Cell>
    <Cell><Data ss:Type="String">Ruhen Sie sich aus und geben Sie Ihren Wunden Zeit, um zu heilen. Wenn Sie %[player:sit] hinsetzen, werden Ihre Wunden schneller geheilt.</Data></Cell>
</Row>
<Row ss:AutoFitHeight="0">
    <Cell ss:Index="2"><Data ss:Type="String">@Hint99</Data></Cell>
    <Cell><Data ss:Type="String">You can reload by using %[player:reload] if you have ammo in your pockets (not your backpack).\nOr by dragging the ammo into your weapon through the inventory %[default:ui_show_inventory].</Data></Cell>
    <Cell><Data ss:Type="String">Sie können mit %[player:reload] nachladen, wenn Sie Munition in Ihren Taschen haben (nicht in Ihrem Rucksack). \n Oder durch Ziehen der Munition durch das Inventar %[default:ui_show_inventory].</Data></Cell>
</Row>
<Row ss:AutoFitHeight="0">
    <Cell ss:Index="2"><Data ss:Type="String">@Hint100</Data></Cell>
    <Cell><Data ss:Type="String">You can look into an object's inventory by using %[default:ui_show_inventory] while looking at it.</Data></Cell>
    <Cell><Data ss:Type="String">Sie können das Inventar eines Objekts anzeigen, indem Sie %[default:ui_show_inventory] verwenden, während Sie es betrachten.</Data></Cell>
</Row>
<Row ss:AutoFitHeight="0">
    <Cell ss:Index="2"><Data ss:Type="String">@Hint101</Data></Cell>
    <Cell><Data ss:Type="String">Other survivors can be captured by using duct-tape on them from behind while they aren't moving.</Data></Cell>
    <Cell><Data ss:Type="String">Andere Überlebende können mit Klebeband von hinten erfasst werden, während sie sich nicht bewegen.</Data></Cell>
</Row>
<Row ss:AutoFitHeight="0">
    <Cell ss:Index="2"><Data ss:Type="String">@Hint102</Data></Cell>
    <Cell><Data ss:Type="String">When you have been captured you can try to break free by alternating between %[player:leanleft] and %[player:leanright] for about 5 minutes. Or by getting a friendly survivor to free you.</Data></Cell>
    <Cell><Data ss:Type="String">Wenn Sie gefangen genommen wurden, können Sie versuchen, sich zu befreien, indem Sie ungefähr 5 Minuten lang zwischen %[player:leanleft] und %[player:leanright] wechseln. Oder indem Sie einen freundlichen Überlebenden bekommen, der Sie befreit.</Data></Cell>
</Row>
<Row ss:AutoFitHeight="0">
    <Cell ss:Index="2"><Data ss:Type="String">@Hint103</Data></Cell>
    <Cell><Data ss:Type="String">When your inventory is full you can still directly consume items in the world by using %[player:mwheel_down].</Data></Cell>
    <Cell><Data ss:Type="String">Wenn Ihr Inventar voll ist, können Sie mit %[player:mwheel_down] noch direkt Gegenstände auf der Welt verbrauchen.</Data></Cell>
</Row>
<Row ss:AutoFitHeight="0">
    <Cell ss:Index="2"><Data ss:Type="String">@Hint104</Data></Cell>
    <Cell><Data ss:Type="String">Some weapons have multiple fire modes. Press %[player:firemode] to switch between these modes.</Data></Cell>
    <Cell><Data ss:Type="String">Einige Waffen haben mehrere Feuermodi. Drücken Sie %[player:firemode], um zwischen diesen Modi zu wechseln.</Data></Cell>
</Row>
<Row ss:AutoFitHeight="0">
    <Cell ss:Index="2"><Data ss:Type="String">@Hint105</Data></Cell>
    <Cell><Data ss:Type="String">Learned guides will only be valid for the server they were learned on. They are still kept after death and restarts.</Data></Cell>
    <Cell><Data ss:Type="String">Gelernte Handbücher gelten nur für den Server, auf dem sie gelernt haben. Sie werden immer noch nach dem Tod aufbewahrt und neu gestartet.</Data></Cell>
</Row>
<Row ss:AutoFitHeight="0">
    <Cell ss:Index="2"><Data ss:Type="String">@Hint106</Data></Cell>
    <Cell><Data ss:Type="String">Learned guides will expose new craftable items that were otherwise unknown to your survivor. There may be more items you can craft which you don't yet know about!</Data></Cell>
    <Cell><Data ss:Type="String">Gelernte Guides zeigen neue fertige Gegenstände, die Ihrem Überlebenden sonst nicht bekannt waren. Möglicherweise gibt es mehr Gegenstände, die du herstellen kannst, von denen du noch nichts weißt!</Data></Cell>
</Row>
<Row ss:AutoFitHeight="0">
    <Cell ss:Index="2"><Data ss:Type="String">@Hint107</Data></Cell>
    <Cell><Data ss:Type="String">Think you're king of the mountain standing on top of that car? Think again! Mutants can throw rocks at survivors they can see but can't reach!</Data></Cell>
    <Cell><Data ss:Type="String">Glaubst du, du bist der König des Berges, der auf dem Auto steht? Denk nochmal! Mutanten können Steine ​​auf Überlebende werfen, die sie sehen können, aber nicht erreichen können!</Data></Cell>
</Row>
<Row ss:AutoFitHeight="0">
    <Cell ss:Index="2"><Data ss:Type="String">@Hint108</Data></Cell>
    <Cell><Data ss:Type="String">You can turn vehicle lights on and off with %[vehicle_driver:v_lights].</Data></Cell>
    <Cell><Data ss:Type="String">Mit %[vehicle_driver:v_lights] können Sie die Fahrzeugbeleuchtung ein- und ausschalten.</Data></Cell>
</Row>
<Row ss:AutoFitHeight="0">
    <Cell ss:Index="2"><Data ss:Type="String">@Hint109</Data></Cell>
    <Cell><Data ss:Type="String">Toot the vehicle's horn with %[vehicle_driver:v_horn].</Data></Cell>
    <Cell><Data ss:Type="String">Hupen Sie das Fahrzeug mit %[vehicle_driver:v_horn].</Data></Cell>
</Row>
<Row ss:AutoFitHeight="0">
    <Cell ss:Index="2"><Data ss:Type="String">@Hint110</Data></Cell>
    <Cell><Data ss:Type="String">Start a fully equipped vehicle with %[vehicle_driver:v_start]. You need to have all the required parts in the vehicle's inventory for the engine to start!</Data></Cell>
    <Cell><Data ss:Type="String">Starten Sie ein voll ausgestattetes Fahrzeug mit %[vehicle_driver:v_start]. Sie müssen alle erforderlichen Teile im Fahrzeugbestand haben, damit der Motor starten kann!</Data></Cell>
</Row>
<Row ss:AutoFitHeight="0">
    <Cell ss:Index="2"><Data ss:Type="String">@Hint111</Data></Cell>
    <Cell><Data ss:Type="String">Be aware that survivors very close to you can listen in to your radio communication (same distance as whisper).</Data></Cell>
    <Cell><Data ss:Type="String">Beachten Sie, dass Überlebende, die sich ganz in Ihrer Nähe befinden, Ihre Funkverbindung mithören können (gleiche Entfernung wie Flüstern).</Data></Cell>
</Row>
<Row ss:AutoFitHeight="0">
    <Cell ss:Index="2"><Data ss:Type="String">@Hint112</Data></Cell>
    <Cell><Data ss:Type="String">The Survivotron VI isn't just another radio, it includes a geiger counter, clock, thermometer, compass and GPS for orienteering which can be switched to using %[player:firemode].</Data></Cell>
    <Cell><Data ss:Type="String">Das Survivotron VI ist nicht nur ein weiteres Radio, sondern umfasst einen Geigerzähler, eine Uhr, ein Thermometer, einen Kompass und ein GPS zum Orientieren, das mit %[player:firemode] umgeschaltet werden kann.</Data></Cell>
</Row>
<Row ss:AutoFitHeight="0">
    <Cell ss:Index="2"><Data ss:Type="String">@Hint113</Data></Cell>
    <Cell><Data ss:Type="String">The Survivotron radio supports multiple channels and frequency bands, press %[default:radio_chup] for channel up, %[default:radio_chdn] for channel down and %[default:radio_band] to switch band.</Data></Cell>
    <Cell><Data ss:Type="String">Das Survivotron-Funkgerät unterstützt mehrere Kanäle und Frequenzbereiche. Drücken Sie %[default:radio_chup] für Kanal auf, %[default:radio_chdn] für Kanal ab und %[default:radio_band], um das Band zu wechseln.</Data></Cell>
</Row>
<Row ss:AutoFitHeight="0">
    <Cell ss:Index="2"><Data ss:Type="String">@Hint114</Data></Cell>
    <Cell><Data ss:Type="String">Miscreated supports head tracking devices using either TrackIR or Freetrack.</Data></Cell>
    <Cell><Data ss:Type="String">Miscreated unterstützt Head Tracking-Geräte entweder mit TrackIR oder Freetrack.</Data></Cell>
</Row>
<Row ss:AutoFitHeight="0">
    <Cell ss:Index="2"><Data ss:Type="String">@Hint115</Data></Cell>
    <Cell><Data ss:Type="String">Miscreated additionally supports 3D-positional voice either using Mumble or the Teamspeak CrossTalk-Plugin.</Data></Cell>
    <Cell><Data ss:Type="String">Miscreated unterstützt zusätzlich 3D-Positionsstimme entweder mit Mumble oder dem Teamspeak CrossTalk-Plugin.</Data></Cell>
</Row>
<Row ss:AutoFitHeight="0">
    <Cell ss:Index="2"><Data ss:Type="String">@Hint116</Data></Cell>
    <Cell><Data ss:Type="String">When picking up items, you can either scroll the mouse wheel to open the context menu, or just press %[player:use].</Data></Cell>
    <Cell><Data ss:Type="String">Beim Aufnehmen von Elementen können Sie entweder mit dem Mausrad blättern, um das Kontextmenü zu öffnen, oder einfach %[player:use] drücken.</Data></Cell>
</Row>
<Row ss:AutoFitHeight="0">
    <Cell ss:Index="2"><Data ss:Type="String">@Hint117</Data></Cell>
    <Cell><Data ss:Type="String">As a survivor on Orca Island, you start with your bare hands %[player:primary], a flashlight %[player:secondary] and some stylish clothes.</Data></Cell>
    <Cell><Data ss:Type="String">Als Überlebender auf Orca Island fangen Sie mit Ihren bloßen Händen %[player:primary], einer Taschenlampe %[player:secondary] und einigen stilvollen Klamotten an.</Data></Cell>
</Row>
<Row ss:AutoFitHeight="0">
    <Cell ss:Index="2"><Data ss:Type="String">@Hint118</Data></Cell>
    <Cell><Data ss:Type="String">You can use chat commands to query server information: !uptime !ping !restart !server !pop</Data></Cell>
    <Cell><Data ss:Type="String">Sie können Chat-Befehle verwenden, um Serverinformationen abzufragen:! Uptime! Ping! Neustart! Server!</Data></Cell>
</Row>
<Row ss:AutoFitHeight="0">
    <Cell ss:Index="2"><Data ss:Type="String">@Hint119</Data></Cell>
    <Cell><Data ss:Type="String">You can try to push and flip smaller vehicles through the mouse wheel context menu.</Data></Cell>
    <Cell><Data ss:Type="String">Sie können versuchen, kleinere Fahrzeuge über das Kontextmenü des Mausrads zu drücken und zu drehen.</Data></Cell>
</Row>
<Row ss:AutoFitHeight="0">
    <Cell ss:Index="2"><Data ss:Type="String">@Hint120</Data></Cell>
    <Cell><Data ss:Type="String">You can rename your survivor and change gender through the main menu player setup, if you aren't alive on the server.</Data></Cell>
    <Cell><Data ss:Type="String">Sie können Ihren Überlebenden umbenennen und das Geschlecht über das Setup des Hauptmenü-Players ändern, wenn Sie nicht auf dem Server leben.</Data></Cell>
</Row>
<Row ss:AutoFitHeight="0">
    <Cell ss:Index="2"><Data ss:Type="String">@Hint121</Data></Cell>
    <Cell><Data ss:Type="String">Weapon accessories can be triggered faster by the bindings, lights %[player:accessory2], lasers %[player:accessory1] and headgear %[player:accessory3].</Data></Cell>
    <Cell><Data ss:Type="String">Waffenzubehör kann durch die Bindungen, Lichter %[player:accessory2], Laser %[player:accessory1] und Kopfbedeckungen %[player:accessory3] schneller ausgelöst werden.</Data></Cell>
</Row>
<Row ss:AutoFitHeight="0">
    <Cell ss:Index="2"><Data ss:Type="String">@Hint122</Data></Cell>
    <Cell><Data ss:Type="String">Attach a silencer to your weapon to make your shots harder to hear by both survivors and mutants.</Data></Cell>
    <Cell><Data ss:Type="String">Befestigen Sie einen Schalldämpfer an Ihrer Waffe, damit Ihre Schüsse sowohl von Überlebenden als auch von Mutanten schwerer zu hören sind.</Data></Cell>
</Row>
<Row ss:AutoFitHeight="0">
    <Cell ss:Index="2"><Data ss:Type="String">@Hint123</Data></Cell>
    <Cell><Data ss:Type="String">A crafted silencer won't survive many shots.</Data></Cell>
    <Cell><Data ss:Type="String">Ein handgefertigter Schalldämpfer wird viele Schläge nicht überleben.</Data></Cell>
</Row>
<Row ss:AutoFitHeight="0">
    <Cell ss:Index="2"><Data ss:Type="String">@Hint124</Data></Cell>
    <Cell><Data ss:Type="String">Attach a foregrip to your weapon to reduce your recoil.</Data></Cell>
    <Cell><Data ss:Type="String">Befestigen Sie einen Vordergriff an Ihrer Waffe, um den Rückstoß zu reduzieren.</Data></Cell>
</Row>
<Row ss:AutoFitHeight="0">
    <Cell ss:Index="2"><Data ss:Type="String">@Hint125</Data></Cell>
    <Cell><Data ss:Type="String">Attach a bayonet to your weapon to increase its melee damage.</Data></Cell>
    <Cell><Data ss:Type="String">Befestigen Sie ein Bajonett an Ihrer Waffe, um den Nahkampfschaden zu erhöhen.</Data></Cell>
</Row>
<Row ss:AutoFitHeight="0">
    <Cell ss:Index="2"><Data ss:Type="String">@Hint126</Data></Cell>
    <Cell><Data ss:Type="String">To relax your fingers use the toggle keys for sprinting forward %[player:sprintforward_toggle] and aiming down sights %[player:zoom_toggle].</Data></Cell>
    <Cell><Data ss:Type="String">Um Ihre Finger zu entspannen, verwenden Sie die Umschalttasten, um %[player:sprintforward_toggle] vorwärts zu springen und die Ziele %[player:zoom_toggle] nach unten zu richten.</Data></Cell>
</Row>
<Row ss:AutoFitHeight="0">
    <Cell ss:Index="2"><Data ss:Type="String">@Hint127</Data></Cell>
    <Cell><Data ss:Type="String">Unconscious survivors can be woken up faster with some salt. Make sure to bandage them first if they are bleeding.</Data></Cell>
    <Cell><Data ss:Type="String">Unbewusste Überlebende können mit etwas Salz schneller geweckt werden. Stellen Sie sicher, dass sie zuerst verbunden werden, wenn sie bluten.</Data></Cell>
</Row>
<Row ss:AutoFitHeight="0">
    <Cell ss:Index="2"><Data ss:Type="String">@Hint128</Data></Cell>
    <Cell><Data ss:Type="String">The gas mask, bandanas and dust mask can protect you from gas effects.</Data></Cell>
    <Cell><Data ss:Type="String">Die Gasmaske, Bandanas und Staubmaske können Sie vor Gaseffekten schützen.</Data></Cell>
</Row>
<Row ss:AutoFitHeight="0">
    <Cell ss:Index="2"><Data ss:Type="String">@Hint129</Data></Cell>
    <Cell><Data ss:Type="String">Be careful when consuming alcohol, drinking too much can knock you out.</Data></Cell>
    <Cell><Data ss:Type="String">Seien Sie vorsichtig, wenn Sie Alkohol trinken, zu viel trinken kann Sie ausschalten.</Data></Cell>
</Row>
<Row ss:AutoFitHeight="0">
    <Cell ss:Index="2"><Data ss:Type="String">@Hint130</Data></Cell>
    <Cell><Data ss:Type="String">To subdue survivors you can choose non-lethal options such as incapacitation and knocking them out.\nRelevant items include: Handcuffs, ropes, duct-tape, tranq-rifle and stun-baton</Data></Cell>
    <Cell><Data ss:Type="String">Um Überlebende zu unterwerfen, können Sie nicht-tödliche Optionen wählen, z. B. die Außerbetriebnahme und das Ausschalten. \n Wichtige Gegenstände sind: Handschellen, Seile, Klebeband, Tranq-Gewehr und Betäubungsstock</Data></Cell>
</Row>
<Row ss:AutoFitHeight="0">
    <Cell ss:Index="2"><Data ss:Type="String">@Hint131</Data></Cell>
    <Cell><Data ss:Type="String">To recover from effects of sickness or infection you need to consume Antibiotics.</Data></Cell>
    <Cell><Data ss:Type="String">Um sich von Krankheiten oder Infektionen zu erholen, müssen Sie Antibiotika einnehmen.</Data></Cell>
</Row>
<Row ss:AutoFitHeight="0">
    <Cell ss:Index="2"><Data ss:Type="String">@Hint132</Data></Cell>
    <Cell><Data ss:Type="String">To recover from effects of torpidity faster you can consume Aspirin or Energy Drinks.</Data></Cell>
    <Cell><Data ss:Type="String">Um sich schneller von den Folgen der Torpidität zu erholen, können Sie Aspirin oder Energy Drinks konsumieren.</Data></Cell>
</Row>
<Row ss:AutoFitHeight="0">
    <Cell ss:Index="2"><Data ss:Type="String">@Hint133</Data></Cell>
    <Cell><Data ss:Type="String">You can switch between first person and third person view by pressing %[player:thirdperson].</Data></Cell>
    <Cell><Data ss:Type="String">Sie können zwischen der Ansicht der ersten und der dritten Person wechseln, indem Sie %[player:thirdperson] drücken.</Data></Cell>
</Row>
<Row ss:AutoFitHeight="0">
    <Cell ss:Index="2"><Data ss:Type="String">@Hint134</Data></Cell>
    <Cell><Data ss:Type="String">You can cancel a charged throw or bow shot by pressing %[player:reload].</Data></Cell>
    <Cell><Data ss:Type="String">Sie können einen aufgeladenen Wurf- oder Bogenschuss abbrechen, indem Sie %[player:reload] drücken.</Data></Cell>
</Row>
<Row ss:AutoFitHeight="0">
    <Cell ss:Index="2"><Data ss:Type="String">@Hint135</Data></Cell>
    <Cell><Data ss:Type="String">Show or hide the HUD with %[default:ui_toggle_hud].</Data></Cell>
    <Cell><Data ss:Type="String">HUD anzeigen oder ausblenden mit %[default:ui_toggle_hud].</Data></Cell>
</Row>
<Row ss:AutoFitHeight="0">
    <Cell ss:Index="2"><Data ss:Type="String">@Hint136</Data></Cell>
    <Cell><Data ss:Type="String">To play the guitar use the emotes while its equipped, it can also be used to melee attack %[player:special].</Data></Cell>
    <Cell><Data ss:Type="String">Um die Gitarre zu spielen, verwenden Sie die Emotes, während sie ausgerüstet ist. Sie können sie auch für Nahkampfangriffe verwenden.</Data></Cell>
</Row>
<Row ss:AutoFitHeight="0">
    <Cell ss:Index="2"><Data ss:Type="String">@Hint137</Data></Cell>
    <Cell><Data ss:Type="String">When extreme weather is approaching equip protective clothing and seek shelter indoors, underwater, enclosed vehicles or best underground in bunkers, sewers or caves.</Data></Cell>
    <Cell><Data ss:Type="String">Bei extremem Wetter rüsten Sie Schutzkleidung aus und suchen Schutz in geschlossenen Räumen, unter Wasser, in geschlossenen Fahrzeugen oder am besten unterirdisch in Bunkern, Abwasserkanälen oder Höhlen.</Data></Cell>
</Row>
<Row ss:AutoFitHeight="0">
    <Cell ss:Index="2"><Data ss:Type="String">@Hint138</Data></Cell>
    <Cell><Data ss:Type="String">When logging off near a base not owned by you or your clan you will be moved to a random map position.</Data></Cell>
    <Cell><Data ss:Type="String">Wenn Sie sich in der Nähe einer Basis abmelden, die weder Ihnen noch Ihrem Clan gehört, werden Sie zu einer zufälligen Kartenposition verschoben.</Data></Cell>
</Row>
<Row ss:AutoFitHeight="0">
    <Cell ss:Index="2"><Data ss:Type="String">@Hint139</Data></Cell>
    <Cell><Data ss:Type="String">You can use the Survivotron VI to check for item and environmental radiation with the built in geiger counter (which can also be muted).</Data></Cell>
    <Cell><Data ss:Type="String">Mit dem Survivotron VI können Sie mit dem eingebauten Geigerzähler (der auch stummgeschaltet werden kann) auf Element- und Umgebungsstrahlung prüfen.</Data></Cell>
</Row>
<Row ss:AutoFitHeight="0">
    <Cell ss:Index="2"><Data ss:Type="String">@Hint140</Data></Cell>
    <Cell><Data ss:Type="String">The Survivotron VI can be used to check the environmental temperature.</Data></Cell>
    <Cell><Data ss:Type="String">Mit dem Survivotron VI kann die Umgebungstemperatur überprüft werden.</Data></Cell>
</Row>
<Row ss:AutoFitHeight="0">
    <Cell ss:Index="2"><Data ss:Type="String">@Hint141</Data></Cell>
    <Cell><Data ss:Type="String">You can check item details in your inventory by hovering over them.</Data></Cell>
    <Cell><Data ss:Type="String">Sie können Artikeldetails in Ihrem Inventar überprüfen, indem Sie mit der Maus darüber fahren.</Data></Cell>
</Row>
<Row ss:AutoFitHeight="0">
    <Cell ss:Index="2"><Data ss:Type="String">@Hint142</Data></Cell>
    <Cell><Data ss:Type="String">Anti-rad pills, anti-rad mushrooms or potassium-iodine pills help against radiation.</Data></Cell>
    <Cell><Data ss:Type="String">Anti-Rad-Pillen, Anti-Rad-Pilze oder Kalium-Jod-Pillen helfen gegen Strahlung.</Data></Cell>
</Row>
<Row ss:AutoFitHeight="0">
    <Cell ss:Index="2"><Data ss:Type="String">@Hint143</Data></Cell>
    <Cell><Data ss:Type="String">Look out for traps that can be placed and hidden in the environment. Some of these traps can be reused and crafted.</Data></Cell>
    <Cell><Data ss:Type="String">Achten Sie auf Fallen, die in der Umgebung platziert und ausgeblendet werden können. Einige dieser Fallen können wiederverwendet und hergestellt werden.</Data></Cell>
</Row>
<Row ss:AutoFitHeight="0">
    <Cell ss:Index="2"><Data ss:Type="String">@Hint144</Data></Cell>
    <Cell><Data ss:Type="String">Some seasonal items are only craftable and findable for a limited time.</Data></Cell>
    <Cell><Data ss:Type="String">Einige saisonale Gegenstände sind nur für eine begrenzte Zeit bearbeitbar und auffindbar.</Data></Cell>
</Row>
<Row ss:AutoFitHeight="0">
    <Cell ss:Index="2"><Data ss:Type="String">@Hint145</Data></Cell>
    <Cell><Data ss:Type="String">When scavenging for items the action menu will appear with a scrollwheel icon if there are items found.</Data></Cell>
    <Cell><Data ss:Type="String">Wenn Sie Elemente suchen, wird das Aktionsmenü mit einem Scrollrad-Symbol angezeigt, wenn Elemente gefunden werden.</Data></Cell>
</Row>
<Row ss:AutoFitHeight="0">
    <Cell ss:Index="2"><Data ss:Type="String">@Hint146</Data></Cell>
    <Cell><Data ss:Type="String">Scavenge the world for amCoins to use the Amalgamated Kiosk.</Data></Cell>
    <Cell><Data ss:Type="String">Befreie die Welt für amCoins, um den Amalgamated Kiosk zu nutzen.</Data></Cell>
</Row>
<Row ss:AutoFitHeight="0">
    <Cell ss:Index="2"><Data ss:Type="String">@Hint147</Data></Cell>
    <Cell><Data ss:Type="String">Some disposed Amalgamated Kiosks found in the world can be towed to your base with a vehicle.</Data></Cell>
    <Cell><Data ss:Type="String">Einige auf der Welt gefundene Amalgamated Kiosks können mit einem Fahrzeug zu Ihrer Basis geschleppt werden.</Data></Cell>
</Row>
<Row ss:AutoFitHeight="0">
    <Cell ss:Index="2"><Data ss:Type="String">@Hint148</Data></Cell>
    <Cell><Data ss:Type="String">To store items in your base you can craft 4 small crates by default and 2 large ones once you find the storage guide. You can also use tents.</Data></Cell>
    <Cell><Data ss:Type="String">Um Gegenstände in Ihrer Basis zu lagern, können Sie standardmäßig 4 kleine und 2 große Kisten herstellen, sobald Sie die Lageranleitung gefunden haben. Sie können auch Zelte verwenden.</Data></Cell>
</Row>
<Row ss:AutoFitHeight="0">
    <Cell ss:Index="2"><Data ss:Type="String">@Hint149</Data></Cell>
    <Cell><Data ss:Type="String">Amalgamated Kiosks placed in your base can only be used by your clan members.</Data></Cell>
    <Cell><Data ss:Type="String">Amalgamierte Kioske in Ihrer Basis können nur von Ihren Clanmitgliedern verwendet werden.</Data></Cell>
</Row>
<Row ss:AutoFitHeight="0">
    <Cell ss:Index="2"><Data ss:Type="String">@Hint150</Data></Cell>
    <Cell><Data ss:Type="String">You can apply cosmetic skins to your items in the Amalgamated Kiosks.</Data></Cell>
    <Cell><Data ss:Type="String">In den Amalgamated Kiosks können Sie auf Ihre Artikel kosmetische Haut auftragen.</Data></Cell>
</Row>
<Row ss:AutoFitHeight="0">
    <Cell ss:Index="2"><Data ss:Type="String">@Hint151</Data></Cell>
    <Cell><Data ss:Type="String">Find and visit the paint shop to apply vehicle skins.</Data></Cell>
    <Cell><Data ss:Type="String">Suchen und besuchen Sie die Lackiererei, um Fahrzeughaut aufzutragen</Data></Cell>
</Row>
<Row ss:AutoFitHeight="0">
    <Cell ss:Index="2"><Data ss:Type="String">@Hint152</Data></Cell>
    <Cell><Data ss:Type="String">(Central-Servers) Tired of some cosmetic items? Trade them ingame or steam marketplace (Requires them to be repaired and deposited into the Amalgamated Kiosk).</Data></Cell>
    <Cell><Data ss:Type="String">(Central-Server) Müde von einigen Kosmetikartikeln? Handel mit ihnen im Spiel oder Dampfmarkt (Erfordert, dass sie repariert und in den Amalgamated Kiosk deponiert werden).</Data></Cell>
</Row>
<Row ss:AutoFitHeight="0">
    <Cell ss:Index="2"><Data ss:Type="String">@Hint153</Data></Cell>
    <Cell><Data ss:Type="String">(Central-Servers) Amalgamated Kiosks are linked with your personal Steam Inventory, items without a red border can be traded and sold in the marketplace.</Data></Cell>
    <Cell><Data ss:Type="String">(Central-Server) Amalgamierte Kioske sind mit Ihrem persönlichen Steam-Inventar verknüpft. Artikel ohne rote Umrandung können auf dem Marktplatz gehandelt und verkauft werden.</Data></Cell>
</Row>
<Row ss:AutoFitHeight="0">
    <Cell ss:Index="2"><Data ss:Type="String">@Hint154</Data></Cell>
    <Cell><Data ss:Type="String">(Central-Servers) Use Amalgamated Kiosks as personal long-term storage for your items, depositing and withdrawing items costs in-game amCoins.</Data></Cell>
    <Cell><Data ss:Type="String">(Central-Server) Verwenden Sie Amalgamated Kiosks als persönlichen Langzeitspeicher für Ihre Artikel. Die Kosten für Einzahlungen und Abbuchungen von In-Game-AmCoins fallen an.</Data></Cell>
</Row>
<Row ss:AutoFitHeight="0">
    <Cell ss:Index="2"><Data ss:Type="String">@Hint155</Data></Cell>
    <Cell><Data ss:Type="String">(Central-Servers) Visit Amalgamated Kiosks to transfer your items to other servers, depositing and withdrawing items costs in-game amCoins.</Data></Cell>
    <Cell><Data ss:Type="String">(Central-Server) Besuchen Sie Amalgamated Kiosks, um Ihre Artikel auf andere Server zu übertragen.</Data></Cell>
</Row>
<Row ss:AutoFitHeight="0">
    <Cell ss:Index="2"><Data ss:Type="String">@Hint156</Data></Cell>
    <Cell><Data ss:Type="String">(Central-Servers) Survive extreme weather conditions such as radiation storms to be awarded special skins.</Data></Cell>
    <Cell><Data ss:Type="String">(Central-Server) Überleben Sie extreme Wetterbedingungen wie Strahlungsstürme, um besondere Skins zu erhalten.</Data></Cell>
</Row>
<Row ss:AutoFitHeight="0">
    <Cell ss:Index="2"><Data ss:Type="String">@Hint157</Data></Cell>
    <Cell><Data ss:Type="String">(Central-Servers) Drive your vehicle around a lot to be awarded skins for it.</Data></Cell>
    <Cell><Data ss:Type="String">(Zentrale Server) Fahren Sie mit Ihrem Fahrzeug viel herum, um dafür Skins zu erhalten.</Data></Cell>
</Row>
<Row ss:AutoFitHeight="0">
    <Cell ss:Index="2"><Data ss:Type="String">@Hint158</Data></Cell>
    <Cell><Data ss:Type="String">Cosmetic skins are awarded randomly by Steam while playing the game.</Data></Cell>
    <Cell><Data ss:Type="String">Kosmetische Skins werden während des Spiels zufällig von Steam vergeben.</Data></Cell>
</Row>
<Row ss:AutoFitHeight="0">
    <Cell ss:Index="2"><Data ss:Type="String">@Hint159</Data></Cell>
    <Cell><Data ss:Type="String">Building a base? No harvest tools yet? Fear not, you can harvest wood and metal by scavenging palettes, logs, metal piles, rusted motorcycles, satellite dishes and more.</Data></Cell>
    <Cell><Data ss:Type="String">Eine Basis bauen? Noch keine Erntegeräte? Fürchten Sie sich nicht, Sie können Holz und Metall ernten, indem Sie Paletten, Baumstämme, Metallpfähle, verrostete Motorräder, Satellitenschüsseln und vieles mehr spülen.</Data></Cell>
</Row>
<Row ss:AutoFitHeight="0">
    <Cell ss:Index="2"><Data ss:Type="String">@Hint160</Data></Cell>
    <Cell><Data ss:Type="String">Most gear can be broken down into repair kits and then used to repair your gear. You can combine repair kits to save space!</Data></Cell>
    <Cell><Data ss:Type="String">Die meisten Geräte können in Reparatursätze zerlegt werden und dann zum Reparieren Ihrer Ausrüstung verwendet werden. Sie können Reparatursätze kombinieren, um Platz zu sparen!</Data></Cell>
</Row>
<Row ss:AutoFitHeight="0">
    <Cell ss:Index="2"><Data ss:Type="String">@Hint161</Data></Cell>
    <Cell><Data ss:Type="String">By using a bow or crossbow you can hunt in near silence to avoid attracting hostile wildlife, mutants, and other survivors. As an added bonus, you can craft your own selection of arrows and bolts!</Data></Cell>
    <Cell><Data ss:Type="String">Mit einem Bogen oder einer Armbrust können Sie in nahezu Schweigen jagen, um zu vermeiden, dass Sie feindliche Tiere, Mutanten und andere Überlebende anziehen. Als zusätzlichen Bonus können Sie Ihre eigene Auswahl an Pfeilen und Bolzen erstellen!</Data></Cell>
</Row>
<Row ss:AutoFitHeight="0">
    <Cell ss:Index="2"><Data ss:Type="String">@Hint162</Data></Cell>
    <Cell><Data ss:Type="String">Don't pass up those rags! Rags are invaluable as they are used in the crafting of packs, arrows, bolts, ropes, Molotov cocktails, and as emergency bandage replacement.</Data></Cell>
    <Cell><Data ss:Type="String">Verpassen Sie nicht diese Lumpen! Lumpen sind von unschätzbarem Wert, da sie bei der Herstellung von Packungen, Pfeilen, Bolzen, Seilen, Molotow-Cocktails und als Ersatzbandagenersatz verwendet werden.</Data></Cell>
</Row>
<Row ss:AutoFitHeight="0">
    <Cell ss:Index="2"><Data ss:Type="String">@Hint163</Data></Cell>
    <Cell><Data ss:Type="String">Don't tear up all your clothes, the nights and certain weather gets cold and you might freeze.</Data></Cell>
    <Cell><Data ss:Type="String">Zerreißen Sie nicht alle Ihre Kleider, die Nächte und das bestimmte Wetter werden kalt und Sie können erfrieren.</Data></Cell>
</Row>
<Row ss:AutoFitHeight="0">
    <Cell ss:Index="2"><Data ss:Type="String">@Hint164</Data></Cell>
    <Cell><Data ss:Type="String">Check your survivors overall environmental protection stats in the inventory, compare and repair gear to achieve the maximum protection for different situations.</Data></Cell>
    <Cell><Data ss:Type="String">Überprüfen Sie die allgemeinen Umweltschutzstatistiken Ihrer Überlebenden im Inventar, vergleichen und reparieren Sie Ihre Ausrüstung, um den maximalen Schutz für verschiedene Situationen zu erreichen.</Data></Cell>
</Row>
<Row ss:AutoFitHeight="0">
    <Cell ss:Index="2"><Data ss:Type="String">@Hint165</Data></Cell>
    <Cell><Data ss:Type="String">Expect weapons, gear and ammo to be hidden, search everywhere and everything - every nook and cranny is a potential hiding spot for loot.</Data></Cell>
    <Cell><Data ss:Type="String">Erwarten Sie, dass Waffen, Ausrüstung und Munition versteckt werden, suchen Sie überall und nach allem - jeder Winkel ist ein potenzieller Versteck für Beute.</Data></Cell>
</Row>
<Row ss:AutoFitHeight="0">
    <Cell ss:Index="2"><Data ss:Type="String">@Hint166</Data></Cell>
    <Cell><Data ss:Type="String">Inspect consumables and fluid sources to find out about their negative effects.\n(Only with Suviotron's geiger counter turned on is the radiation in them detectable)</Data></Cell>
    <Cell><Data ss:Type="String">Untersuchen Sie Verbrauchsmaterialien und Flüssigkeitsquellen, um deren negative Auswirkungen herauszufinden. \n  (Nur wenn der Geigerzähler von Suviotron eingeschaltet ist, ist die Strahlung in ihnen erkennbar)</Data></Cell>
</Row>
<Row ss:AutoFitHeight="0">
    <Cell ss:Index="2"><Data ss:Type="String">@Hint167</Data></Cell>
    <Cell><Data ss:Type="String">An alternative to inspecting consumables is the inventory tooltip which will show more details.\n(Only with Suviotron's geiger counter turned on is the radiation in them detectable)</Data></Cell>
    <Cell><Data ss:Type="String">Eine Alternative zur Inspektion von Verbrauchsmaterialien ist der Inventar-Tooltip, der weitere Details enthält. \n  (Nur wenn der Geigerzähler von Suviotron eingeschaltet ist, ist die Strahlung in ihnen erkennbar)</Data></Cell>
</Row>
<Row ss:AutoFitHeight="0">
    <Cell ss:Index="2"><Data ss:Type="String">@Hint168</Data></Cell>
    <Cell><Data ss:Type="String">The Survivotron geiger counter can be used to check for radiation in consumables and fluid sources directly in the world.</Data></Cell>
    <Cell><Data ss:Type="String">Der Survivotron-Geigerzähler kann verwendet werden, um die Strahlung in Verbrauchsmaterialien und Flüssigkeitsquellen direkt in der Welt zu überprüfen.</Data></Cell>
</Row>
<Row ss:AutoFitHeight="0">
    <Cell ss:Index="2"><Data ss:Type="String">@Hint169</Data></Cell>
    <Cell><Data ss:Type="String">To find uncontaminated consumables visit spots unaffected by the radiation storms such as basements, bunkers, caves and sewers.</Data></Cell>
    <Cell><Data ss:Type="String">Um nicht kontaminierte Verbrauchsmaterialien zu finden, besuchen Sie Orte, die von den Strahlungsstürmen nicht betroffen sind, wie etwa Keller, Bunker, Höhlen und Abwasserkanäle.</Data></Cell>
</Row>
<Row ss:AutoFitHeight="0">
    <Cell ss:Index="2"><Data ss:Type="String">@Hint170</Data></Cell>
    <Cell><Data ss:Type="String">Hungry? Plant vegetables or hunt animals then cook or grill them using fire pits, campfires, BBQ grills, ovens and microwaves.</Data></Cell>
    <Cell><Data ss:Type="String">Hungrig? Pflanzen Sie Gemüse oder jagen Sie Tiere und kochen oder grillen Sie diese mit Feuerstellen, Lagerfeuer, Grillgeräten, Öfen und Mikrowellen.</Data></Cell>
</Row>
<Row ss:AutoFitHeight="0">
    <Cell ss:Index="2"><Data ss:Type="String">@Hint171</Data></Cell>
    <Cell><Data ss:Type="String">Freezing? Find and use fire pits, campfires, candles, burning barrels and cars to warm up.\nAlternatively stay in shelter inside or underground.</Data></Cell>
    <Cell><Data ss:Type="String">Einfrieren? Suchen und verwenden Sie Feuerstellen, Lagerfeuer, Kerzen, brennende Fässer und Autos, um sich aufzuwärmen. Alternativ können Sie sich in oder unterirdisch aufhalten.</Data></Cell>
</Row>
<Row ss:AutoFitHeight="0">
    <Cell ss:Index="2"><Data ss:Type="String">@Hint172</Data></Cell>
    <Cell><Data ss:Type="String">To light a fire you require a fire starter, such as matches or a lighter.</Data></Cell>
    <Cell><Data ss:Type="String">Um ein Feuer zu entfachen, benötigen Sie einen Feueranzünder wie Streichhölzer oder Feuerzeug.</Data></Cell>
</Row>
<Row ss:AutoFitHeight="0">
    <Cell ss:Index="2"><Data ss:Type="String">@Hint173</Data></Cell>
    <Cell><Data ss:Type="String">Freezing? Power up generators for houses and heat up their inside by powering up ovens, lights and microwaves.</Data></Cell>
    <Cell><Data ss:Type="String">Einfrieren? Schalten Sie Generatoren für Häuser ein und heizen Sie sie auf, indem Sie Öfen, Lampen und Mikrowellen einschalten.</Data></Cell>
</Row>
<Row ss:AutoFitHeight="0">
    <Cell ss:Index="2"><Data ss:Type="String">@Hint174</Data></Cell>
    <Cell><Data ss:Type="String">Freezing? Stay inside your base and use propane heaters and other heat sources like purifiers and work lights.</Data></Cell>
    <Cell><Data ss:Type="String">Einfrieren? Bleiben Sie in Ihrer Basis und verwenden Sie Propanheizungen und andere Wärmequellen wie Reiniger und Arbeitsscheinwerfer.</Data></Cell>
</Row>
<Row ss:AutoFitHeight="0">
    <Cell ss:Index="2"><Data ss:Type="String">@Hint175</Data></Cell>
    <Cell><Data ss:Type="String">Freezing? Find and use heat packs. Stay out of water and rain to keep dry.</Data></Cell>
    <Cell><Data ss:Type="String">Einfrieren? Wärmepackungen finden und verwenden. Halten Sie sich von Wasser und Regen fern, um trocken zu bleiben.</Data></Cell>
</Row>
<Row ss:AutoFitHeight="0">
    <Cell ss:Index="2"><Data ss:Type="String">@Hint176</Data></Cell>
    <Cell><Data ss:Type="String">Sitting next to a campfire will boost your health regen even further.</Data></Cell>
    <Cell><Data ss:Type="String">Wenn Sie sich neben einem Lagerfeuer aufhalten, wird Ihre Gesundheit noch stärker.</Data></Cell>
</Row>
<Row ss:AutoFitHeight="0">
    <Cell ss:Index="2"><Data ss:Type="String">@Hint177</Data></Cell>
    <Cell><Data ss:Type="String">Overheating? Leave the immediate area of the heat source and go for a swim to cool down.</Data></Cell>
    <Cell><Data ss:Type="String">Überhitzung? Verlassen Sie den unmittelbaren Bereich der Wärmequelle und schwimmen Sie sich ab.</Data></Cell>
</Row>
<Row ss:AutoFitHeight="0">
    <Cell ss:Index="2"><Data ss:Type="String">@Hint178</Data></Cell>
    <Cell><Data ss:Type="String">Almost full? Partially consume items to preserve something for later and to avoid overeating.</Data></Cell>
    <Cell><Data ss:Type="String">Fast voll? Verbrauchen Sie zum Teil Artikel, um etwas für später aufzubewahren und um übermäßiges Essen zu vermeiden.</Data></Cell>
</Row>
<Row ss:AutoFitHeight="0">
    <Cell ss:Index="2"><Data ss:Type="String">@Hint179</Data></Cell>
    <Cell><Data ss:Type="String">When eating or drinking too much you will vomit and lose most of your food.</Data></Cell>
    <Cell><Data ss:Type="String">Wenn Sie zu viel essen oder trinken, erbrechen Sie sich und verlieren den Großteil Ihrer Nahrung.</Data></Cell>
</Row>
<Row ss:AutoFitHeight="0">
    <Cell ss:Index="2"><Data ss:Type="String">@Hint180</Data></Cell>
    <Cell><Data ss:Type="String">Sirens and church bells announce approaching extreme weather conditions. When you hear them seek shelter.</Data></Cell>
    <Cell><Data ss:Type="String">Sirenen und Kirchenglocken kündigen anstehende extreme Wetterbedingungen an. Wenn Sie hören, suchen Sie Schutz.</Data></Cell>
</Row>
<Row ss:AutoFitHeight="0">
    <Cell ss:Index="2"><Data ss:Type="String">@Hint181</Data></Cell>
    <Cell><Data ss:Type="String">While it is snowing a dangerous blizzard may occur and it can be detrimental to your health if you don't seek shelter and warm up.</Data></Cell>
    <Cell><Data ss:Type="String">Während es schneit, kann ein gefährlicher Schneesturm auftreten und es kann für Ihre Gesundheit schädlich sein, wenn Sie keinen Schutz suchen und sich warm machen.</Data></Cell>
</Row>
<Row ss:AutoFitHeight="0">
    <Cell ss:Index="2"><Data ss:Type="String">@Hint182</Data></Cell>
    <Cell><Data ss:Type="String">Taking damage from rain? If you see yellow smog then it is acid rain. Equip appropriate gear or seek shelter.</Data></Cell>
    <Cell><Data ss:Type="String">Schaden durch Regen nehmen? Wenn Sie gelben Smog sehen, ist es saurer Regen. Geeignete Ausrüstung ausrüsten oder Unterschlupf suchen.</Data></Cell>
</Row>
<Row ss:AutoFitHeight="0">
    <Cell ss:Index="2"><Data ss:Type="String">@Hint183</Data></Cell>
    <Cell><Data ss:Type="String">Use water purification tablets to purify dirty water in your refillable containers.</Data></Cell>
    <Cell><Data ss:Type="String">Verwenden Sie Wasserreinigungstabletten zur Reinigung von Schmutzwasser in nachfüllbaren Behältern.</Data></Cell>
</Row>
<Row ss:AutoFitHeight="0">
    <Cell ss:Index="2"><Data ss:Type="String">@Hint184</Data></Cell>
    <Cell><Data ss:Type="String">Collect water in your base from rain with the water collector.</Data></Cell>
    <Cell><Data ss:Type="String">Sammeln Sie Wasser in Ihrer Basis vor Regen mit dem Wassersammler.</Data></Cell>
</Row>
<Row ss:AutoFitHeight="0">
    <Cell ss:Index="2"><Data ss:Type="String">@Hint185</Data></Cell>
    <Cell><Data ss:Type="String">Only finding contaminated water? Purify water in your base with the water purifier.</Data></Cell>
    <Cell><Data ss:Type="String">Nur verschmutztes Wasser finden? Reinigen Sie das Wasser in Ihrer Basis mit dem Wasserfilter.</Data></Cell>
</Row>
<Row ss:AutoFitHeight="0">
    <Cell ss:Index="2"><Data ss:Type="String">@Hint186</Data></Cell>
    <Cell><Data ss:Type="String">Store water in your base using the water barrels or camping jugs.</Data></Cell>
    <Cell><Data ss:Type="String">Speichern Sie Wasser in Ihrer Basis mit den Wasserfässern oder Campingkannen.</Data></Cell>
</Row>
<Row ss:AutoFitHeight="0">
    <Cell ss:Index="2"><Data ss:Type="String">@Hint187</Data></Cell>
    <Cell><Data ss:Type="String">Some doors can be reinforced giving them more health.</Data></Cell>
    <Cell><Data ss:Type="String">Einige Türen können verstärkt werden, um ihnen mehr Gesundheit zu geben.</Data></Cell>
</Row>
<Row ss:AutoFitHeight="0">
    <Cell ss:Index="2"><Data ss:Type="String">@Hint188</Data></Cell>
    <Cell><Data ss:Type="String">Some doors you can pull open. You can also knock on doors before entering.</Data></Cell>
    <Cell><Data ss:Type="String">Einige Türen können Sie öffnen. Sie können auch vor dem Betreten an die Türen klopfen.</Data></Cell>
</Row>
<Row ss:AutoFitHeight="0">
    <Cell ss:Index="2"><Data ss:Type="String">@Hint189</Data></Cell>
    <Cell><Data ss:Type="String">Want to play purely against the environment, or alone? Host your own dedicated server.\nVarious settings exist to modify the experience to your preferences.</Data></Cell>
    <Cell><Data ss:Type="String">Wollen Sie rein gegen die Umwelt spielen oder alleine? Hosten Sie Ihren eigenen dedizierten Server. \n Verschiedene Einstellungen sind vorhanden, um die Benutzererfahrung an Ihre Vorlieben anzupassen.</Data></Cell>
</Row>
<Row ss:AutoFitHeight="0">
    <Cell ss:Index="2"><Data ss:Type="String">@Hint190</Data></Cell>
    <Cell><Data ss:Type="String">Find and visit the hospital to stock up on medical items.</Data></Cell>
    <Cell><Data ss:Type="String">Finden Sie das Krankenhaus und besuchen Sie es, um sich mit medizinischen Artikeln zu versorgen.</Data></Cell>
</Row>
<Row ss:AutoFitHeight="0">
    <Cell ss:Index="2"><Data ss:Type="String">@Hint191</Data></Cell>
    <Cell><Data ss:Type="String">Visit and gain entry to big bunker complexes hidden on the island.\nLoot the iron-sons stashes for high-quality loot.</Data></Cell>
    <Cell><Data ss:Type="String">Besuchen Sie die großen Bunkerkomplexe, die auf der Insel versteckt sind, und erhalten Sie Zutritt. \n Benötigen Sie die Eisen-Söhne für hochwertige Beute.</Data></Cell>
</Row>
<Row ss:AutoFitHeight="0">
    <Cell ss:Index="2"><Data ss:Type="String">@Hint192</Data></Cell>
    <Cell><Data ss:Type="String">Use the decontamination showers in the world to rid yourself from radiation effects.</Data></Cell>
    <Cell><Data ss:Type="String">Verwenden Sie die Dekontaminationsduschen der Welt, um sich von Strahlungseffekten zu befreien.</Data></Cell>
</Row>
<Row ss:AutoFitHeight="0">
    <Cell ss:Index="2"><Data ss:Type="String">@Hint193</Data></Cell>
    <Cell><Data ss:Type="String">You can farm different vegetables from the seed in planters, fill them with dirt, water, seeds and fertilizer for ideal growing conditions.</Data></Cell>
    <Cell><Data ss:Type="String">Sie können verschiedene Gemüse aus dem Saatgut in Pflanzgefäßen anbauen und diese mit idealen Wachstumsbedingungen mit Schmutz, Wasser, Saatgut und Dünger befüllen.</Data></Cell>
</Row>
<Row ss:AutoFitHeight="0">
    <Cell ss:Index="2"><Data ss:Type="String">@Hint194</Data></Cell>
    <Cell><Data ss:Type="String">To improve your farming efficiency further you can light your planters at night or heat them just enough to counter snow and cold nights.</Data></Cell>
    <Cell><Data ss:Type="String">Um Ihre landwirtschaftliche Effizienz weiter zu verbessern, können Sie Ihre Pflanzgefäße nachts anzünden oder gerade genug heizen, um Schnee und kalte Nächte zu begegnen.</Data></Cell>
</Row>
<Row ss:AutoFitHeight="0">
    <Cell ss:Index="2"><Data ss:Type="String">@Hint195</Data></Cell>
    <Cell><Data ss:Type="String">Gather the ripe vegetables from your planters before they rot.</Data></Cell>
    <Cell><Data ss:Type="String">Sammeln Sie das reife Gemüse aus Ihren Pflanzgefäßen, bevor sie verfaulen.</Data></Cell>
</Row>
<Row ss:AutoFitHeight="0">
    <Cell ss:Index="2"><Data ss:Type="String">@Hint196</Data></Cell>
    <Cell><Data ss:Type="String">You can use rotten food as fertilizer or some as a seed source.</Data></Cell>
    <Cell><Data ss:Type="String">Sie können verdorbenes Futter als Dünger oder als Saatgutquelle verwenden.</Data></Cell>
</Row>
<Row ss:AutoFitHeight="0">
    <Cell ss:Index="2"><Data ss:Type="String">@Hint197</Data></Cell>
    <Cell><Data ss:Type="String">When interacting with objects an icon is displayed: Scroll down to see what's in it.</Data></Cell>
    <Cell><Data ss:Type="String">Bei der Interaktion mit Objekten wird ein Symbol angezeigt: Scrollen Sie nach unten, um zu sehen, was darin enthalten ist.</Data></Cell>
</Row>
<Row ss:AutoFitHeight="0">
    <Cell ss:Index="2"><Data ss:Type="String">@Hint198</Data></Cell>
    <Cell><Data ss:Type="String">You can use rotten vegetables and fruits to poison water containers.</Data></Cell>
    <Cell><Data ss:Type="String">Sie können faules Gemüse und Obst verwenden, um Wasserbehälter zu vergiften.</Data></Cell>
</Row>
        </Table>
        <WorksheetOptions xmlns="urn:schemas-microsoft-com:office:excel">
            <PageSetup>
                <Header x:Margin="0.3"/>
                <Footer x:Margin="0.3"/>
                <PageMargins x:Bottom="0.75" x:Left="0.7" x:Right="0.7" x:Top="0.75"/>
            </PageSetup>
            <Unsynced/>
            <Print>
                <ValidPrinterInfo/>
                <PaperSizeIndex>9</PaperSizeIndex>
                <HorizontalResolution>600</HorizontalResolution>
                <VerticalResolution>600</VerticalResolution>
            </Print>
            <Selected/>
            <TopRowVisible>308</TopRowVisible>
            <Panes>
                <Pane>
                    <Number>3</Number>
                    <ActiveRow>334</ActiveRow>
                    <ActiveCol>3</ActiveCol>
                    <RangeSelection>R335C4:R352C4</RangeSelection>
                </Pane>
            </Panes>
            <ProtectObjects>False</ProtectObjects>
            <ProtectScenarios>False</ProtectScenarios>
        </WorksheetOptions>
    </Worksheet>
</Workbook>
